Workbook

Sheet Important Matters
A1: 2012-2013 第一學期考試 | G1: 41190
A2: 1. 監考時數
A3: (A) | B3: 教師(除T36, T43, T61 及負責 SEN 的老師 T25, T114, T140)
B4: 平均約 11.12 小時(已包括去年的偏差)
B5: T25, T114, T140 因要負責監考 SEN 的同學，而SEN監考考試時間未能趕及，因而預留監考時數
B6: 已計入五位訓導老巡課室等(每人4小時)的工作
B7: 包括 說話考試(英文科/每人6.75小時) 及
B8: 當中亦包括 說話考試(中文科/每人6.75小時 - 假設全部中文老師參與) 及
B9: 監考工作時數的偏差，將會累積至下一次考試
A10: (B) | B10: 教學助理(TAC, TAE, TAE1, 除TAP 因負責STANDBY 及 TAA 因協助 Kitty 考試事宜 )
B11: 平均約 13.5 小時
A12: (C) | B12: 其他(88, 123, 154, TSS, 除116 因負責改MC)
B13: 平均約 15 小時
A16: 2. 上下監考
B17: 已盡量安排中一至三班主任監考下午、中四至六班主任監考上午
A19: 3. 監考教師缺席
A20: (A) | B20: 如有監考教師缺席，將由 TAP 或 由禮堂監考教師 替代
A21: (B) | B21: 監考教師缺席的工作時數，將會累積至下一次考試
A22: (C) | B22: 因参加校外會議或其他事宜，老師需自行安排調動監考
B23: 工作、填寫有關表格 及得校長批准。惟參加者將不獲
B24: 扣減監考時數
A26: 4. T154 逢星期五OFF

Sheet 每個老師監考表
A1: 日期 | B1: 到場 | C1: 結束 | D1: 級號 | E1: 科目 | F1: 班/組別 | G1: 地點 | H1: 監考老師 | I1: 崗位
A2: 46178 | B2: 0.33333333 | C2: 0.375 | D2: S3 | E2: 生物 | F2: 3B | G2: 302 | H2: 218 | I2: 監考員
A3: 46178 | B3: 0.38541667 | C3: 0.42708333 | D3: S3 | E3: 公民與社會 | F3: 3B | G3: 302 | H3: 218 | I3: 監考員
A4: 46181 | I4: 後備
A5: 46182 | B5: 0.33333333 | C5: 0.40625 | D5: S4 | E5: 經濟 | F5: 選修 | G5: 405 | H5: 218 | I5: 監考員
A6: 46185 | B6: 0.39583333 | C6: 0.51041667 | D6: S5 | E6: 經濟卷二 | F6: 選修 | G6: 405 | H6: 218 | I6: 監考員
A7: 46188 | B7: 0.33333333 | C7: 0.38333333 | D7: S3 | E7: 物理 | F7: SEN | G7: 303 | H7: 218 | I7: 監考員
A8: 46188 | B8: 0.4375 | C8: 0.5 | D8: S3 | E8: 中國語文卷一 | F8: SEN | G8: 303 | H8: 218 | I8: 監考員
A9: 46189 | B9: 0.45833333 | C9: 0.51041667 | D9: S3 | E9: 數學卷二 | F9: 3B | G9: 302 | H9: 218 | I9: 監考員
A10: 46190 | I10: 後備
A11: 46191 | B11: 0.33333333 | C11: 0.375 | D11: S1 | E11: 中史 | F11: 1B | G11: 102 | H11: 218 | I11: 監考員
A12: 46178 | B12: 0.33333333 | C12: 0.40625 | D12: S4 | E12: CHI 1 | F12: 全級 | G12: 禮堂 (HALL) | H12: 138 | I12: 試場主任
A13: 46178 | B13: 0.33333333 | C13: 0.40625 | D13: S4 | E13: CHI 1 | F13: 全級 | G13: 禮堂 (HALL) | H13: S86 | I13: 監考員
A14: 46178 | B14: 0.33333333 | C14: 0.40625 | D14: S4 | E14: CHI 1 | F14: 全級 | G14: 禮堂 (HALL) | H14: 152 | I14: 監考員
A15: 46178 | B15: 0.33333333 | C15: 0.40625 | D15: S4 | E15: CHI 1 | F15: 全級 | G15: 禮堂 (HALL) | H15: 91 | I15: 監考員
A16: 46178 | B16: 0.41666667 | C16: 0.52083333 | D16: S4 | E16: CHI 2 | F16: 全級 | G16: 禮堂 (HALL) | H16: 32 | I16: 試場主任
A17: 46178 | B17: 0.41666667 | C17: 0.52083333 | D17: S4 | E17: CHI 2 | F17: 全級 | G17: 禮堂 (HALL) | H17: S86 | I17: 監考員
A18: 46178 | B18: 0.41666667 | C18: 0.52083333 | D18: S4 | E18: CHI 2 | F18: 全級 | G18: 禮堂 (HALL) | H18: 210 | I18: 監考員
A19: 46178 | B19: 0.41666667 | C19: 0.52083333 | D19: S4 | E19: CHI 2 | F19: 全級 | G19: 禮堂 (HALL) | H19: 103 | I19: 監考員
A20: 46181 | B20: 0.33333333 | C20: 0.40625 | D20: S5 | E20: ENG 1 | F20: 全級 | G20: 禮堂 (HALL) | H20: 3 | I20: 試場主任
A21: 46181 | B21: 0.33333333 | C21: 0.40625 | D21: S5 | E21: ENG 1 | F21: 全級 | G21: 禮堂 (HALL) | H21: 210 | I21: 監考員
A22: 46181 | B22: 0.33333333 | C22: 0.40625 | D22: S5 | E22: ENG 1 | F22: 全級 | G22: 禮堂 (HALL) | H22: S22 | I22: 監考員
A23: 46181 | B23: 0.33333333 | C23: 0.40625 | D23: S5 | E23: ENG 1 | F23: 全級 | G23: 禮堂 (HALL) | H23: 78 | I23: 監考員
A24: 46181 | B24: 0.42708333 | C24: 0.48958333 | D24: S4 | E24: ENG 3 (LIST) | F24: 全級 | G24: 禮堂 (HALL) | H24: 153 | I24: 試場主任
A25: 46181 | B25: 0.42708333 | C25: 0.48958333 | D25: S4 | E25: ENG 3 (LIST) | F25: 全級 | G25: 禮堂 (HALL) | H25: 210 | I25: 監考員
A26: 46181 | B26: 0.42708333 | C26: 0.48958333 | D26: S4 | E26: ENG 3 (LIST) | F26: 全級 | G26: 禮堂 (HALL) | H26: 137 | I26: 監考員
A27: 46181 | B27: 0.42708333 | C27: 0.48958333 | D27: S4 | E27: ENG 3 (LIST) | F27: 全級 | G27: 禮堂 (HALL) | H27: 112 | I27: 監考員
A28: 46182 | B28: 0.33333333 | C28: 0.38541667 | D28: S1 | E28: ENG 2 | F28: 全級 | G28: 禮堂 (HALL) | H28: 138 | I28: 試場主任
A29: 46182 | B29: 0.33333333 | C29: 0.38541667 | D29: S1 | E29: ENG 2 | F29: 全級 | G29: 禮堂 (HALL) | H29: S86 | I29: 監考員
A30: 46182 | B30: 0.33333333 | C30: 0.38541667 | D30: S1 | E30: ENG 2 | F30: 全級 | G30: 禮堂 (HALL) | H30: 72 | I30: 監考員
A31: 46182 | B31: 0.33333333 | C31: 0.38541667 | D31: S1 | E31: ENG 2 | F31: 全級 | G31: 禮堂 (HALL) | H31: 73 | I31: 監考員
A32: 46183 | B32: 0.39583333 | C32: 0.46875 | D32: S1 | E32: ENG 3 (LIST) | F32: 全級 | G32: 禮堂 (HALL) | H32: 128 | I32: 試場主任
A33: 46183 | B33: 0.39583333 | C33: 0.46875 | D33: S1 | E33: ENG 3 (LIST) | F33: 全級 | G33: 禮堂 (HALL) | H33: 214 | I33: 監考員
A34: 46183 | B34: 0.39583333 | C34: 0.46875 | D34: S1 | E34: ENG 3 (LIST) | F34: 全級 | G34: 禮堂 (HALL) | H34: 92 | I34: 監考員
A35: 46183 | B35: 0.39583333 | C35: 0.46875 | D35: S1 | E35: ENG 3 (LIST) | F35: 全級 | G35: 禮堂 (HALL) | H35: 73 | I35: 監考員
A36: 46183 | B36: 0.34375 | C36: 0.38541667 | D36: S3 | E36: G.T./G. | F36: 全級 | G36: 禮堂 (HALL) | H36: 32 | I36: 試場主任

Sheet FEx_Workload
B1: VERSION 7.6.2024 | K1: FINAL EXAM | N1: SECOND TERM TEST | Q1: FIRST TERM EXAM | T1: FIRST TERM TEST | W1: =B1 -> VERSION 7.6.2024 | Y1: =#REF! -> #REF! | AA1: 23-24 FINAL | AH1: Weight (S2-5) | AI1: 1
A2: TEACHERS | B2: Code | C2: Inv. Time (Standard) | F2: SEN Invigilation | G2: OTHER DUTIES | H2: Discipline | J2: Chi/Eng/Pu Speaking | K2: TOTAL INVIL. TIME | L2: INV. RATIO | M2: INVIL. DUTY TO BE FULFILLED | N2: TOTAL INVIL. TIME | O2: INV. RATIO | P2: INVIL. DUTY TO BE FULFILLED | Q2: TOTAL INVIL. TIME | R2: INV. RATIO | S2: INVIL. DUTY TO BE FULFILLED | T2: TOTAL INVIL. TIME | U2: INV. RATIO | V2: INVIL. DUTY TO BE FULFILLED | W2: BALANCE | X2: Teachers' Name | Y2: Code | AA2: English Panel | AB2: E1 | AC2: E2 | AD2: E3 | AE2: E4 | AF2: E5 | AG2: E6
A3: LYY | B3: 3 | C3: =SUMIF(#REF!,B3,#REF!) -> #REF! | F3: ='SEN INIL'!BV2 -> 2.4666667 | H3: =AB42 -> 3 | J3: =AI3 -> 5.7266667 | K3: =SUM(C3:J3) -> #REF! | L3: ='INV. RATIO(FINAL EXAM)'!AM5 -> 24.5 | M3: =$K$66*L3/$L$66 -> #REF! | N3: 3.5 | O3: 24.3 | P3: 4.1468127 | Q3: 12.2 | R3: 44.9 | S3: 15.669292 | T3: 8 | U3: 19.1 | V3: 6.1103463 | W3: =K3-M3+Q3-S3+T3-V3+N3-P3 -> #REF! | X3: =A3 -> LYY | Y3: =B3 -> 3 | AA3: 3 | AB3: 0.75 | AC3: 0.75 | AD3: 0.75 | AE3: 1.56 | AF3: =1+55/60 -> 1.9166667 | AH3: =SUM(AB3:AG3) -> 5.7266667 | AI3: =AB3+SUM(AC3:AG3)*AI$1 -> 5.7266667
A4: LMT | B4: 4 | C4: =SUMIF(#REF!,B4,#REF!) -> #REF! | F4: ='SEN INIL'!BV3 -> 0 | K4: =SUM(C4:J4) -> #REF! | L4: ='INV. RATIO(FINAL EXAM)'!AM6 -> 23 | M4: =$K$66*L4/$L$66 -> #REF! | N4: 1.25 | O4: 25 | P4: 4.2662683 | Q4: 16 | R4: 45.8 | S4: 15.983375 | T4: 8 | U4: 19.8 | V4: 6.3342857 | W4: =K4-M4+Q4-S4+T4-V4+N4-P4 -> #REF! | X4: =A4 -> LMT | Y4: =B4 -> 4 | AA4: 22 | AB4: 0.75 | AC4: 0.75 | AD4: 0.75 | AE4: 1.56 | AF4: 1.9166667 | AH4: =SUM(AB4:AG4) -> 5.7266667 | AI4: =AB4+SUM(AC4:AG4)*AI$1 -> 5.7266667
A5: LWH | B5: 5 | C5: =SUMIF(#REF!,B5,#REF!) -> #REF! | F5: ='SEN INIL'!BV4 -> 3.7 | K5: =SUM(C5:J5) -> #REF! | L5: ='INV. RATIO(FINAL EXAM)'!AM7 -> 23 | M5: =$K$66*L5/$L$66 -> #REF! | N5: 3.25 | O5: 23 | P5: 3.9249668 | Q5: 15.2 | R5: 42 | S5: 14.657244 | T5: 7 | U5: 22 | V5: 7.0380952 | W5: =K5-M5+Q5-S5+T5-V5+N5-P5 -> #REF! | X5: =A5 -> LWH | Y5: =B5 -> 5 | AA5: 39 | AB5: 0.75 | AC5: 0.75 | AD5: 0.75 | AE5: 1.95 | AF5: 1.9166667 | AH5: =SUM(AB5:AG5) -> 6.1166667 | AI5: =AB5+SUM(AC5:AG5)*AI$1 -> 6.1166667
A6: LWT | B6: 20 | C6: =SUMIF(#REF!,B6,#REF!) -> #REF! | F6: ='SEN INIL'!BV5 -> 3 | K6: =SUM(C6:J6) -> #REF! | L6: ='INV. RATIO(FINAL EXAM)'!AM8 -> 20.5 | M6: =$K$66*L6/$L$66 -> #REF! | N6: 2.0833333 | O6: 19.8 | P6: 3.3788845 | Q6: 15.2 | R6: 37.4 | S6: 13.051927 | T6: 9.3 | U6: 18.6 | V6: 5.9503896 | W6: =K6-M6+Q6-S6+T6-V6+N6-P6 -> #REF! | X6: =A6 -> LWT | Y6: =B6 -> 20 | AA6: 67 | AB6: 0.75 | AE6: 1.55 | AF6: 1.9166667 | AH6: =SUM(AB6:AG6) -> 4.2166667 | AI6: =AB6+SUM(AC6:AG6)*AI$1 -> 4.2166667 | AN6: 突
A7: WWY | B7: 22 | C7: =SUMIF(#REF!,B7,#REF!) -> #REF! | F7: ='SEN INIL'!BV6 -> 2.6 | J7: =AI4 -> 5.7266667 | K7: =SUM(C7:J7) -> #REF! | L7: ='INV. RATIO(FINAL EXAM)'!AM9 -> 25.5 | M7: =$K$66*L7/$L$66 -> #REF! | N7: 6.8333333 | O7: 25.7 | P7: 4.3857238 | Q7: 10.3 | R7: 43.8 | S7: 15.285411 | T7: 5 | U7: 22.5 | V7: 7.1980519 | W7: =K7-M7+Q7-S7+T7-V7+N7-P7 -> #REF! | X7: =A7 -> WWY | Y7: =B7 -> 22 | AA7: 76 | AE7: 1.55 | AF7: 1.9166667 | AH7: =SUM(AB7:AG7) -> 3.4666667 | AI7: =AB7+SUM(AC7:AG7)*AI$1 -> 3.4666667
A8: LCS | B8: 25 | C8: =SUMIF(#REF!,B8,#REF!) -> #REF! | F8: ='SEN INIL'!BV7 -> 4.6666667 | K8: =SUM(C8:J8) -> #REF! | L8: ='INV. RATIO(FINAL EXAM)'!AM10 -> 12 | M8: =$K$66*L8/$L$66 -> #REF! | N8: 0 | O8: 16 | P8: 2.7304117 | Q8: 14.7 | R8: 25 | S8: 8.7245499 | T8: 4 | U8: 16 | V8: 5.1186147 | W8: =K8-M8+Q8-S8+T8-V8+N8-P8 -> #REF! | X8: =A8 -> LCS | Y8: =B8 -> 25 | AA8: 85 | AC8: 0.75 | AD8: 1 | AH8: =SUM(AB8:AG8) -> 1.75 | AI8: =AB8+SUM(AC8:AG8)*AI$1 -> 1.75
A9: LPK | B9: 32 | C9: =SUMIF(#REF!,B9,#REF!) -> #REF! | F9: ='SEN INIL'!BV8 -> 0 | G9: =2+5/60 -> 2.0833333 | K9: =SUM(C9:J9) -> #REF! | L9: ='INV. RATIO(FINAL EXAM)'!AM11 -> 15 | M9: =$K$66*L9/$L$66 -> #REF! | N9: 3.5 | O9: 17 | P9: 2.9010624 | Q9: 14.6 | R9: 31 | S9: 10.818442 | T9: 6.1 | U9: 14 | V9: 4.4787879 | W9: =K9-M9+Q9-S9+T9-V9+N9-P9 -> #REF! | X9: =A9 -> LPK | Y9: =B9 -> 32 | AA9: 128 | AC9: 0.75 | AD9: 0.75 | AE9: 1.55 | AF9: 1.9166667 | AH9: =SUM(AB9:AG9) -> 4.9666667 | AI9: =AB9+SUM(AC9:AG9)*AI$1 -> 4.9666667
A10: WLP | B10: 37 | C10: =SUMIF(#REF!,B10,#REF!) -> #REF! | F10: ='SEN INIL'!BV9 -> 1.4333333 | G10: =1.25 -> 1.25 | K10: =SUM(C10:J10) -> #REF! | L10: ='INV. RATIO(FINAL EXAM)'!AM12 -> 23.5 | M10: =$K$66*L10/$L$66 -> #REF! | N10: 3.5 | O10: 25.5 | P10: 4.3515936 | Q10: 13.8 | R10: 42.8 | S10: 14.936429 | T10: 6.1 | U10: 21.3 | V10: 6.8141558 | W10: =K10-M10+Q10-S10+T10-V10+N10-P10 -> #REF! | X10: =A10 -> WLP | Y10: =B10 -> 37 | AA10: 135 | AB10: 0.75 | AC10: 0.75 | AD10: 0.75 | AE10: 1.55 | AF10: 1.9166667 | AH10: =SUM(AB10:AG10) -> 5.7166667 | AI10: =AB10+SUM(AC10:AG10)*AI$1 -> 5.7166667
A11: CML | B11: 39 | C11: =SUMIF(#REF!,B11,#REF!) -> #REF! | F11: ='SEN INIL'!BV10 -> 0 | J11: =AI5 -> 6.1166667 | K11: =SUM(C11:J11) -> #REF! | L11: ='INV. RATIO(FINAL EXAM)'!AM13 -> 24 | M11: =$K$66*L11/$L$66 -> #REF! | N11: 5 | O11: 25 | P11: 4.2662683 | Q11: 12 | R11: 40 | S11: 13.95928 | T11: 6.5 | U11: 22 | V11: 7.0380952 | W11: =K11-M11+Q11-S11+T11-V11+N11-P11 -> #REF! | X11: =A11 -> CML | Y11: =B11 -> 39 | AA11: 147 | AB11: 0.75 | AC11: 0.75 | AD11: 0.75 | AE11: 1.95 | AF11: 1.9166667 | AH11: =SUM(AB11:AG11) -> 6.1166667 | AI11: =AB11+SUM(AC11:AG11)*AI$1 -> 6.1166667
A12: TCH | B12: 49 | C12: =SUMIF(#REF!,B12,#REF!) -> #REF! | F12: ='SEN INIL'!BV11 -> 4.05 | K12: =SUM(C12:J12) -> #REF! | L12: ='INV. RATIO(FINAL EXAM)'!AM14 -> 25.5 | M12: =$K$66*L12/$L$66 -> #REF! | N12: 5.75 | O12: 21.5 | P12: 3.6689907 | Q12: 12 | R12: 39.8 | S12: 13.889483 | T12: 4.3 | U12: 17.3 | V12: 5.5345022 | W12: =K12-M12+Q12-S12+T12-V12+N12-P12 -> #REF! | X12: =A12 -> TCH | Y12: =B12 -> 49 | AA12: 190 | AB12: 0.75 | AC12: 0.75 | AD12: 0.75 | AE12: 1.55 | AF12: 1.9166667 | AH12: =SUM(AB12:AG12) -> 5.7166667 | AI12: =AB12+SUM(AC12:AG12)*AI$1 -> 5.7166667
A13: LTN | B13: 67 | C13: =SUMIF(#REF!,B13,#REF!) -> #REF! | F13: ='SEN INIL'!BV12 -> 0 | J13: =AI6 -> 4.2166667 | K13: =SUM(C13:J13) -> #REF! | L13: ='INV. RATIO(FINAL EXAM)'!AM15 -> 26.5 | M13: =$K$66*L13/$L$66*6/10 -> #REF! | N13: 2.5 | O13: 22.3 | P13: 3.8055113 | Q13: 13.1 | R13: 37.9 | S13: 13.226418 | T13: 7.3 | U13: 16.1 | V13: 5.1506061 | W13: =K13-M13+Q13-S13+T13-V13+N13-P13 -> #REF! | X13: =A13 -> LTN | Y13: =B13 -> 67 | AA13: 214 | AB13: 0.75 | AC13: 0.75 | AD13: 0.75 | AE13: 1.55 | AF13: 1.9166667 | AH13: =SUM(AB13:AG13) -> 5.7166667 | AI13: =AB13+SUM(AC13:AG13)*AI$1 -> 5.7166667
A14: LPC | B14: 72 | C14: =SUMIF(#REF!,B14,#REF!) -> #REF! | F14: ='SEN INIL'!BV13 -> 0 | J14: =AI25 -> 2 | K14: =SUM(C14:J14) -> #REF! | L14: ='INV. RATIO(FINAL EXAM)'!AM16 -> 21 | M14: =$K$66*L14/$L$66 -> #REF! | N14: 4.75 | O14: 19 | P14: 3.2423639 | Q14: 13.2 | R14: 30 | S14: 10.46946 | T14: 5.8 | U14: 15 | V14: 4.7987013 | W14: =K14-M14+Q14-S14+T14-V14+N14-P14 -> #REF! | X14: =A14 -> LPC | Y14: =B14 -> 72 | AA14: 216 | AB14: 0.75 | AC14: 0.75 | AD14: 0.75 | AE14: 1.55 | AF14: 1.9166667 | AH14: =SUM(AB14:AG14) -> 5.7166667 | AI14: =AB14+SUM(AC14:AG14)*AI$1 -> 5.7166667
A15: LHK | B15: 73 | C15: =SUMIF(#REF!,B15,#REF!) -> #REF! | F15: ='SEN INIL'!BV14 -> 0 | K15: =SUM(C15:J15) -> #REF! | L15: ='INV. RATIO(FINAL EXAM)'!AM17 -> 23 | M15: =$K$66*L15/$L$66 -> #REF! | N15: 4.75 | O15: 27 | P15: 4.6075697 | Q15: 15.1 | R15: 45.8 | S15: 15.983375 | T15: 8.6 | U15: 22.8 | V15: 7.294026 | W15: =K15-M15+Q15-S15+T15-V15+N15-P15 -> #REF! | X15: =A15 -> LHK | Y15: =B15 -> 73 | AA15: S67 | AH15: =SUM(AB15:AG15) -> 0 | AI15: =AB15+SUM(AC15:AG15)*AI$1 -> 0
A16: WWY | B16: 76 | C16: =SUMIF(#REF!,B16,#REF!) -> #REF! | F16: ='SEN INIL'!BV15 -> 0 | J16: =AI7 -> 3.4666667 | K16: =SUM(C16:J16) -> #REF! | L16: ='INV. RATIO(FINAL EXAM)'!AM18 -> 12 | M16: =$K$66*L16/$L$66 -> #REF! | N16: 4.5 | O16: 12 | P16: 2.0478088 | Q16: 4 | R16: 26.5 | S16: 9.2480229 | T16: 0 | U16: 9 | V16: 2.8792208 | W16: =K16-M16+Q16-S16+T16-V16+N16-P16 -> #REF! | X16: =A16 -> WWY | Y16: =B16 -> 76 | AH16: =SUM(AB16:AG16) -> 0 | AI16: =AB16+SUM(AC16:AG16)*AI$1 -> 0
A17: LKC | B17: 78 | C17: =SUMIF(#REF!,B17,#REF!) -> #REF! | F17: ='SEN INIL'!BV16 -> 1.75 | K17: =SUM(C17:J17) -> #REF! | L17: ='INV. RATIO(FINAL EXAM)'!AM19 -> 23.5 | M17: =$K$66*L17/$L$66 -> #REF! | N17: 3.75 | O17: 27.7 | P17: 4.7270252 | Q17: 13.7 | R17: 46.1 | S17: 16.08807 | T17: 8.7 | U17: 27.9 | V17: 8.9255844 | W17: =K17-M17+Q17-S17+T17-V17+N17-P17 -> #REF! | X17: =A17 -> LKC | Y17: =B17 -> 78 | AH17: =SUM(AB17:AG17) -> 0 | AI17: =AB17+SUM(AC17:AG17)*AI$1 -> 0
A18: KKW | B18: 84 | C18: =SUMIF(#REF!,B18,#REF!) -> #REF! | F18: ='SEN INIL'!BV17 -> 3 | K18: =SUM(C18:J18) -> #REF! | L18: ='INV. RATIO(FINAL EXAM)'!AM20 -> 23.5 | M18: =$K$66*L18/$L$66 -> #REF! | N18: 1.5 | O18: 27.3 | P18: 4.6587649 | Q18: 15.6 | R18: 42.9 | S18: 14.971328 | T18: 6.8 | U18: 23.1 | V18: 7.39 | W18: =K18-M18+Q18-S18+T18-V18+N18-P18 -> #REF! | X18: =A18 -> KKW | Y18: =B18 -> 84 | AH18: =SUM(AB18:AG18) -> 0 | AI18: =AB18+SUM(AC18:AG18)*AI$1 -> 0
A19: AT | B19: 85 | C19: =SUMIF(#REF!,B19,#REF!) -> #REF! | F19: ='SEN INIL'!BV18 -> 0 | J19: =AI8 -> 1.75 | K19: =SUM(C19:J19) -> #REF! | L19: ='INV. RATIO(FINAL EXAM)'!AM21 -> 15 | M19: =$K$66*L19/$L$66 -> #REF! | N19: 0 | O19: 15 | P19: 2.559761 | Q19: 14.1 | R19: 21 | S19: 7.3286219 | T19: 8.7 | U19: 11 | V19: 3.5190476 | W19: =K19-M19+Q19-S19+T19-V19+N19-P19 -> #REF! | X19: =A19 -> AT | Y19: =B19 -> 85 | AH19: =SUM(AB19:AG19) -> 0 | AI19: =AB19+SUM(AC19:AG19)*AI$1 -> 0
A20: KSC | B20: 86 | C20: =SUMIF(#REF!,B20,#REF!) -> #REF! | F20: ='SEN INIL'!BV19 -> 0 | J20: =AI26 -> 1 | K20: =SUM(C20:J20) -> #REF! | L20: ='INV. RATIO(FINAL EXAM)'!AM22 -> 24 | M20: =$K$66*L20/$L$66 -> #REF! | N20: 5.8333333 | O20: 26.7 | P20: 4.5563745 | Q20: 14.2 | R20: 40.3 | S20: 14.063974 | T20: 6 | U20: 21 | V20: 6.7181818 | W20: =K20-M20+Q20-S20+T20-V20+N20-P20 -> #REF! | X20: =A20 -> KSC | Y20: =B20 -> 86 | AH20: =SUM(AB20:AG20) -> 0 | AI20: =AB20+SUM(AC20:AG20)*AI$1 -> 0
A21: LKL | B21: 90 | C21: =SUMIF(#REF!,B21,#REF!) -> #REF! | F21: ='SEN INIL'!BV20 -> 0 | J21: =AI27 -> 2 | K21: =SUM(C21:J21) -> #REF! | L21: ='INV. RATIO(FINAL EXAM)'!AM23 -> 20.5 | M21: =$K$66*L21/$L$66 -> #REF! | N21: 3.25 | O21: 21.3 | P21: 3.6348606 | Q21: 12.5 | R21: 30.9 | S21: 10.783544 | T21: 5.5 | U21: 15.1 | V21: 4.8306926 | W21: =K21-M21+Q21-S21+T21-V21+N21-P21 -> #REF! | X21: =A21 -> LKL | Y21: =B21 -> 90 | AA21: Duration | AI21: =SUM(AI3:AI20) -> 60.953333
A22: KLH | B22: 91 | C22: =SUMIF(#REF!,B22,#REF!) -> #REF! | F22: ='SEN INIL'!BV21 -> 12.65 | K22: =SUM(C22:J22) -> #REF! | L22: ='INV. RATIO(FINAL EXAM)'!AM24 -> 25.5 | M22: =$K$66*L22/$L$66 -> #REF! | N22: 6.0833333 | O22: 27.7 | P22: 4.7270252 | Q22: 14 | R22: 42.3 | S22: 14.761938 | T22: 6.8 | U22: 22 | V22: 7.0380952 | W22: =K22-M22+Q22-S22+T22-V22+N22-P22 -> #REF! | X22: =A22 -> KLH | Y22: =B22 -> 91
A23: CKS | B23: 92 | C23: =SUMIF(#REF!,B23,#REF!) -> #REF! | F23: ='SEN INIL'!BV22 -> 0 | K23: =SUM(C23:J23) -> #REF! | L23: ='INV. RATIO(FINAL EXAM)'!AM25 -> 22.5 | M23: =$K$66*L23/$L$66 -> #REF! | N23: 4.0833333 | O23: 20.3 | P23: 3.4642098 | Q23: 13.1 | R23: 31.9 | S23: 11.132526 | T23: 6.5 | U23: 13.1 | V23: 4.1908658 | W23: =K23-M23+Q23-S23+T23-V23+N23-P23 -> #REF! | X23: =A23 -> CKS | Y23: =B23 -> 92
A24: CKM | B24: 102 | C24: =SUMIF(#REF!,B24,#REF!) -> #REF! | F24: ='SEN INIL'!BV23 -> 0 | J24: =AI28 -> 2 | K24: =SUM(C24:J24) -> #REF! | L24: ='INV. RATIO(FINAL EXAM)'!AM26 -> 24 | M24: =$K$66*L24/$L$66 -> #REF! | N24: 2.5833333 | O24: 26.2 | P24: 4.4710491 | Q24: 14.4 | R24: 47.8 | S24: 16.681339 | T24: 6.7 | U24: 23 | V24: 7.3580087 | W24: =K24-M24+Q24-S24+T24-V24+N24-P24 -> #REF! | X24: =A24 -> CKM | Y24: =B24 -> 102 | AA24: Chinese Panel | AB24: C1 | AC24: C2 | AD24: C3
A25: LKF | B25: 103 | C25: =SUMIF(#REF!,B25,#REF!) -> #REF! | F25: ='SEN INIL'!BV24 -> 5.9333333 | K25: =SUM(C25:J25) -> #REF! | L25: ='INV. RATIO(FINAL EXAM)'!AM27 -> 22 | M25: =$K$66*L25/$L$66 -> #REF! | N25: 4.75 | O25: 28.2 | P25: 4.8123506 | Q25: 14.5 | R25: 44.8 | S25: 15.634393 | T25: 6.3 | U25: 25 | V25: 7.9978355 | W25: =K25-M25+Q25-S25+T25-V25+N25-P25 -> #REF! | X25: =A25 -> LKF | Y25: =B25 -> 103 | AA25: 72 | AB25: 1 | AC25: 1 | AI25: =SUM(AB25:AH25) -> 2
A26: CKW | B26: 112 | C26: =SUMIF(#REF!,B26,#REF!) -> #REF! | F26: ='SEN INIL'!BV25 -> 3 | H26: =AB43 -> 3 | K26: =SUM(C26:J26) -> #REF! | L26: ='INV. RATIO(FINAL EXAM)'!AM28 -> 24.5 | M26: =$K$66*L26/$L$66 -> #REF! | N26: 3 | O26: 24.3 | P26: 4.1468127 | Q26: 12.3 | R26: 40.9 | S26: 14.273364 | T26: 7.3 | U26: 22.1 | V26: 7.0700866 | W26: =K26-M26+Q26-S26+T26-V26+N26-P26 -> #REF! | X26: =A26 -> CKW | Y26: =B26 -> 112 | AA26: 86 | AC26: 1 | AI26: =SUM(AB26:AH26) -> 1
A27: LWK | B27: 113 | C27: =SUMIF(#REF!,B27,#REF!) -> #REF! | F27: ='SEN INIL'!BV26 -> 7.8166667 | K27: =SUM(C27:J27) -> #REF! | L27: ='INV. RATIO(FINAL EXAM)'!AM29 -> 22.5 | M27: =$K$66*L27/$L$66 -> #REF! | N27: 2.5 | O27: 25.7 | P27: 4.3857238 | Q27: 14.8 | R27: 48.1 | S27: 16.786034 | T27: 7.2 | U27: 24.9 | V27: 7.9658442 | W27: =K27-M27+Q27-S27+T27-V27+N27-P27 -> #REF! | X27: =A27 -> LWK | Y27: =B27 -> 113 | AA27: 90 | AB27: 1 | AC27: 1 | AI27: =SUM(AB27:AH27) -> 2
A28: CYP | B28: 114 | C28: =SUMIF(#REF!,B28,#REF!) -> #REF! | F28: ='SEN INIL'!BV27 -> 11.75 | G28: =-1-27/60 -> -1.45 | K28: =SUM(C28:J28) -> #REF! | L28: ='INV. RATIO(FINAL EXAM)'!AM30 -> 23 | M28: =$K$66*L28/$L$66 -> #REF! | N28: 3.75 | O28: 25 | P28: 4.2662683 | Q28: 14.9 | R28: 44.4 | S28: 15.494801 | T28: 7 | U28: 19.6 | V28: 6.270303 | W28: =K28-M28+Q28-S28+T28-V28+N28-P28 -> #REF! | X28: =A28 -> CYP | Y28: =B28 -> 114 | AA28: 102 | AB28: 1 | AC28: 1 | AI28: =SUM(AB28:AH28) -> 2
A29: LWC | B29: 117 | C29: =SUMIF(#REF!,B29,#REF!) -> #REF! | F29: ='SEN INIL'!BV28 -> 0 | K29: =SUM(C29:J29) -> #REF! | L29: ='INV. RATIO(FINAL EXAM)'!AM31 -> 12 | M29: =$K$66*L29/$L$66 -> #REF! | N29: 5.5 | O29: 13 | P29: 2.2184595 | Q29: 2.8 | R29: 26 | S29: 9.0735319 | T29: 0 | U29: 10 | V29: 3.1991342 | W29: =K29-M29+Q29-S29+T29-V29+N29-P29 -> #REF! | X29: =A29 -> LWC | Y29: =B29 -> 117 | AA29: 137 | AB29: 1 | AI29: =SUM(AB29:AH29) -> 1
A30: WYC | B30: 120 | C30: =SUMIF(#REF!,B30,#REF!) -> #REF! | F30: ='SEN INIL'!BV29 -> 2.7333333 | H30: =AB44 -> 3 | K30: =SUM(C30:J30) -> #REF! | L30: ='INV. RATIO(FINAL EXAM)'!AM32 -> 21.5 | M30: =$K$66*L30/$L$66 -> #REF! | N30: 5.5 | O30: 25.7 | P30: 4.3857238 | Q30: 13.6 | R30: 42.8 | S30: 14.936429 | T30: 5.5 | U30: 22.5 | V30: 7.1980519 | W30: =K30-M30+Q30-S30+T30-V30+N30-P30 -> #REF! | X30: =A30 -> WYC | Y30: =B30 -> 120 | AA30: 138 | AB30: 1 | AC30: 1 | AI30: =SUM(AB30:AH30) -> 2
A31: LHY | B31: 128 | C31: =SUMIF(#REF!,B31,#REF!) -> #REF! | F31: ='SEN INIL'!BV30 -> 0 | J31: =AI9 -> 4.9666667 | K31: =SUM(C31:J31) -> #REF! | L31: ='INV. RATIO(FINAL EXAM)'!AM33 -> 24 | M31: =$K$66*L31/$L$66 -> #REF! | N31: 2 | O31: 24 | P31: 4.0956175 | Q31: 12.8 | R31: 38.4 | S31: 13.400909 | T31: 6.8 | U31: 16.6 | V31: 5.3105628 | W31: =K31-M31+Q31-S31+T31-V31+N31-P31 -> #REF! | X31: =A31 -> LHY | Y31: =B31 -> 128 | AA31: 141 | AB31: 1 | AI31: =SUM(AB31:AH31) -> 1
A32: HNY | B32: 129 | C32: =SUMIF(#REF!,B32,#REF!) -> #REF! | F32: ='SEN INIL'!BV31 -> 6.8833333 | K32: =SUM(C32:J32) -> #REF! | L32: ='INV. RATIO(FINAL EXAM)'!AM34 -> 22 | M32: =$K$66*L32/$L$66 -> #REF! | N32: 4.5 | O32: 25 | P32: 4.2662683 | Q32: 14.7 | R32: 45.3 | S32: 15.808884 | T32: 4.8 | U32: 21.8 | V32: 6.9741126 | W32: =K32-M32+Q32-S32+T32-V32+N32-P32 -> #REF! | X32: =A32 -> HNY | Y32: =B32 -> 129 | AA32: 152 | AB32: 1 | AC32: 1 | AI32: =SUM(AB32:AH32) -> 2
A33: HBL | B33: 134 | C33: =SUMIF(#REF!,B33,#REF!) -> #REF! | F33: ='SEN INIL'!BV32 -> 4.2166667 | K33: =SUM(C33:J33) -> #REF! | L33: ='INV. RATIO(FINAL EXAM)'!AM35 -> 22 | M33: =$K$66*L33/$L$66 -> #REF! | N33: 2.0833333 | O33: 21 | P33: 3.5836653 | Q33: 13.8 | R33: 42 | S33: 14.657244 | T33: 5.8 | U33: 18 | V33: 5.7584416 | W33: =K33-M33+Q33-S33+T33-V33+N33-P33 -> #REF! | X33: =A33 -> HBL | Y33: =B33 -> 134 | AA33: 181 | AC33: 1 | AI33: =SUM(AB33:AH33) -> 1
A34: WWS | B34: 135 | C34: =SUMIF(#REF!,B34,#REF!) -> #REF! | F34: ='SEN INIL'!BV33 -> 0 | J34: =AI10 -> 5.7166667 | K34: =SUM(C34:J34) -> #REF! | L34: ='INV. RATIO(FINAL EXAM)'!AM36 -> 25.5 | M34: =$K$66*L34/$L$66 -> #REF! | N34: 4.5 | O34: 24.3 | P34: 4.1468127 | Q34: 12.1 | R34: 37.9 | S34: 13.226418 | T34: 5.7 | U34: 18.1 | V34: 5.7904329 | W34: =K34-M34+Q34-S34+T34-V34+N34-P34 -> #REF! | X34: =A34 -> WWS | Y34: =B34 -> 135 | AA34: 201 | AC34: 1 | AI34: =SUM(AB34:AH34) -> 1
A35: CHB | B35: 137 | C35: =SUMIF(#REF!,B35,#REF!) -> #REF! | F35: ='SEN INIL'!BV34 -> 0 | J35: =AI29 -> 1 | K35: =SUM(C35:J35) -> #REF! | L35: ='INV. RATIO(FINAL EXAM)'!AM37 -> 24 | M35: =$K$66*L35/$L$66 -> #REF! | N35: 5 | O35: 21 | P35: 3.5836653 | Q35: 14 | R35: 35.4 | S35: 12.353963 | T35: 3 | U35: 13.6 | V35: 4.3508225 | W35: =K35-M35+Q35-S35+T35-V35+N35-P35 -> #REF! | X35: =A35 -> CHB | Y35: =B35 -> 137 | AA35: 204 | AB35: 1 | AI35: =SUM(AB35:AH35) -> 1
A36: LWY | B36: 138 | C36: =SUMIF(#REF!,B36,#REF!) -> #REF! | F36: ='SEN INIL'!BV35 -> 4.8166667 | J36: =AI30 -> 2 | K36: =SUM(C36:J36) -> #REF! | L36: ='INV. RATIO(FINAL EXAM)'!AM38 -> 22.5 | M36: =$K$66*L36/$L$66 -> #REF! | N36: 3.25 | O36: 23.5 | P36: 4.0102922 | Q36: 14.4 | R36: 43.8 | S36: 15.285411 | T36: 5.5 | U36: 22.3 | V36: 7.1340693 | W36: =K36-M36+Q36-S36+T36-V36+N36-P36 -> #REF! | X36: =A36 -> LWY | Y36: =B36 -> 138 | AA36: 209 | AB36: 1 | AC36: 1 | AI36: =SUM(AB36:AH36) -> 2
A37: LCM | B37: 140 | C37: =SUMIF(#REF!,B37,#REF!) -> #REF! | F37: ='SEN INIL'!BV36 -> 0 | K37: =SUM(C37:J37) -> #REF! | L37: ='INV. RATIO(FINAL EXAM)'!AM39 -> 12 | M37: =$K$66*L37/$L$66 -> #REF! | N37: 0 | O37: 10 | P37: 1.7065073 | Q37: 15.2 | R37: 16 | S37: 5.5837119 | T37: 9.5 | U37: 5 | V37: 1.5995671 | W37: =K37-M37+Q37-S37+T37-V37+N37-P37 -> #REF! | X37: =A37 -> LCM | Y37: =B37 -> 140 | AA37: 213 | AC37: 1 | AI37: =SUM(AB37:AH37) -> 1
A38: LSY | B38: 141 | C38: =SUMIF(#REF!,B38,#REF!) -> #REF! | F38: ='SEN INIL'!BV37 -> 0 | J38: =AI31 -> 1 | K38: =SUM(C38:J38) -> #REF! | L38: ='INV. RATIO(FINAL EXAM)'!AM40 -> 14 | M38: =$K$66*L38/$L$66 -> #REF! | N38: 2.5 | O38: 12 | P38: 2.0478088 | Q38: 13 | R38: 22 | S38: 7.6776039 | T38: 6.8 | U38: 9 | V38: 2.8792208 | W38: =K38-M38+Q38-S38+T38-V38+N38-P38 -> #REF! | X38: =A38 -> LSY | Y38: =B38 -> 141 | AA38: 217 | AB38: 1 | AI38: =SUM(AB38:AH38) -> 1
A39: WKW | B39: 147 | C39: =SUMIF(#REF!,B39,#REF!) -> #REF! | F39: ='SEN INIL'!BV38 -> 3.65 | J39: =AI11 -> 6.1166667 | K39: =SUM(C39:J39) -> #REF! | L39: ='INV. RATIO(FINAL EXAM)'!AM41 -> 23.5 | M39: =$K$66*L39/$L$66 -> #REF! | N39: 5.5833333 | O39: 24.5 | P39: 4.1809429 | Q39: 13.3 | R39: 51.8 | S39: 18.077267 | T39: 7.3 | U39: 25.3 | V39: 8.0938095 | W39: =K39-M39+Q39-S39+T39-V39+N39-P39 -> #REF! | X39: =A39 -> WKW | Y39: =B39 -> 147 | AI39: =SUM(AI25:AI38) -> 20
A40: CTY | B40: 152 | C40: =SUMIF(#REF!,B40,#REF!) -> #REF! | F40: ='SEN INIL'!BV39 -> 0 | G40: =1+27/60 -> 1.45 | H40: =AB45 -> 3 | J40: =AI32 -> 2 | K40: =SUM(C40:J40) -> #REF! | L40: ='INV. RATIO(FINAL EXAM)'!AM42 -> 21.5 | M40: =$K$66*L40/$L$66 -> #REF! | N40: 3.3333333 | O40: 22.7 | P40: 3.8737716 | Q40: 12.2 | R40: 31.8 | S40: 11.097627 | T40: 6.3 | U40: 17.5 | V40: 5.5984848 | W40: =K40-M40+Q40-S40+T40-V40+N40-P40 -> #REF! | X40: =A40 -> CTY | Y40: =B40 -> 152
A41: CKY | B41: 153 | C41: =SUMIF(#REF!,B41,#REF!) -> #REF! | F41: ='SEN INIL'!BV40 -> 2.0833333 | G41: =-1.25-2-5/60 -> -3.3333333 | K41: =SUM(C41:J41) -> #REF! | L41: ='INV. RATIO(FINAL EXAM)'!AM43 -> 23.5 | M41: =$K$66*L41/$L$66 -> #REF! | N41: 6.5833333 | O41: 25.3 | P41: 4.3174635 | Q41: 13.5 | R41: 45.9 | S41: 16.018274 | T41: 4.3 | U41: 25.1 | V41: 8.0298268 | W41: =K41-M41+Q41-S41+T41-V41+N41-P41 -> #REF! | X41: =A41 -> CKY | Y41: =B41 -> 153 | AA41: Discipline | AE41: 建議
A42: NWY | B42: 161 | C42: =SUMIF(#REF!,B42,#REF!) -> #REF! | F42: ='SEN INIL'!BV41 -> 1.45 | H42: =AB46 -> 3 | K42: =SUM(C42:J42) -> #REF! | L42: ='INV. RATIO(FINAL EXAM)'!AM44 -> 21 | M42: =$K$66*L42/$L$66 -> #REF! | N42: 5.5 | O42: 23.2 | P42: 3.9590969 | Q42: 13.3 | R42: 44.1 | S42: 15.390106 | T42: 3 | U42: 19.4 | V42: 6.2063203 | W42: =K42-M42+Q42-S42+T42-V42+N42-P42 -> #REF! | X42: =A42 -> NWY | Y42: =B42 -> 161 | AA42: 3 | AB42: 3 | AD42: 每日兩位訓導，每位計1.5小時
A43: HPY | B43: 178 | C43: =SUMIF(#REF!,B43,#REF!) -> #REF! | F43: ='SEN INIL'!BV42 -> 3.6666667 | K43: =SUM(C43:J43) -> #REF! | L43: ='INV. RATIO(FINAL EXAM)'!AM45 -> 25 | M43: =$K$66*L43/$L$66 -> #REF! | N43: 3.25 | O43: 22 | P43: 3.7543161 | Q43: 15 | R43: 36.4 | S43: 12.702945 | T43: 4.5 | U43: 12.6 | V43: 4.0309091 | W43: =K43-M43+Q43-S43+T43-V43+N43-P43 -> #REF! | X43: =A43 -> HPY | Y43: =B43 -> 178 | AA43: 112 | AB43: 3
A44: DWL | B44: 181 | C44: =SUMIF(#REF!,B44,#REF!) -> #REF! | F44: ='SEN INIL'!BV43 -> 0 | J44: =AI33 -> 1 | K44: =SUM(C44:J44) -> #REF! | L44: ='INV. RATIO(FINAL EXAM)'!AM46 -> 20 | M44: =$K$66*L44/$L$66 -> #REF! | N44: 4.75 | O44: 20.2 | P44: 3.4471448 | Q44: 14.6 | R44: 39.6 | S44: 13.819687 | T44: 6 | U44: 19.4 | V44: 6.2063203 | W44: =K44-M44+Q44-S44+T44-V44+N44-P44 -> #REF! | X44: =A44 -> DWL | Y44: =B44 -> 181 | AA44: 120 | AB44: 3
A45: TCH | B45: 186 | C45: =SUMIF(#REF!,B45,#REF!) -> #REF! | F45: ='SEN INIL'!BV44 -> 0 | H45: =AB47 -> 3 | K45: =SUM(C45:J45) -> #REF! | L45: ='INV. RATIO(FINAL EXAM)'!AM47 -> 21 | M45: =$K$66*L45/$L$66 -> #REF! | N45: 4.5 | O45: 22.2 | P45: 3.7884462 | Q45: 13.7 | R45: 39.6 | S45: 13.819687 | T45: 8.2 | U45: 19.4 | V45: 6.2063203 | W45: =K45-M45+Q45-S45+T45-V45+N45-P45 -> #REF! | X45: =A45 -> TCH | Y45: =B45 -> 186 | AA45: 152 | AB45: 3
A46: Dallas | B46: 190 | C46: =SUMIF(#REF!,B46,#REF!) -> #REF! | F46: ='SEN INIL'!BV45 -> 0 | J46: =AI12 -> 5.7166667 | K46: =SUM(C46:J46) -> #REF! | L46: ='INV. RATIO(FINAL EXAM)'!AM48 -> 16 | M46: =$K$66*L46/$L$66 -> #REF! | N46: 2 | O46: 17 | P46: 2.9010624 | Q46: 14 | R46: 28 | S46: 9.7714959 | T46: 6.3 | U46: 13 | V46: 4.1588745 | W46: =K46-M46+Q46-S46+T46-V46+N46-P46 -> #REF! | X46: =A46 -> Dallas | Y46: =B46 -> 190 | AA46: 161 | AB46: 3
A47: LHY | B47: 196 | C47: =SUMIF(#REF!,B47,#REF!) -> #REF! | F47: ='SEN INIL'!BV46 -> 0 | K47: =SUM(C47:J47) -> #REF! | L47: ='INV. RATIO(FINAL EXAM)'!AM49 -> 22.5 | M47: =$K$66*L47/$L$66 -> #REF! | N47: 3 | O47: 21.3 | P47: 3.6348606 | Q47: 15.1 | R47: 35.9 | S47: 12.528454 | T47: 6.8 | U47: 17.1 | V47: 5.4705195 | W47: =K47-M47+Q47-S47+T47-V47+N47-P47 -> #REF! | X47: =A47 -> LHY | Y47: =B47 -> 196 | AA47: 186 | AB47: 3
A48: HLW | B48: 197 | C48: =SUMIF(#REF!,B48,#REF!) -> #REF! | F48: ='SEN INIL'!BV47 -> 0 | K48: =SUM(C48:J48) -> #REF! | L48: ='INV. RATIO(FINAL EXAM)'!AM50 -> 25.5 | M48: =$K$66*L48/$L$66 -> #REF! | N48: 2.5 | O48: 23.3 | P48: 3.976162 | Q48: 15.1 | R48: 36.9 | S48: 12.877436 | T48: 7.4 | U48: 22.1 | V48: 7.0700866 | W48: =K48-M48+Q48-S48+T48-V48+N48-P48 -> #REF! | X48: =A48 -> HLW | Y48: =B48 -> 197 | AA48: 205 | AB48: 3
A49: YLS | B49: 198 | C49: =SUMIF(#REF!,B49,#REF!) -> #REF! | F49: ='SEN INIL'!BV48 -> 6.0666667 | K49: =SUM(C49:J49) -> #REF! | L49: ='INV. RATIO(FINAL EXAM)'!AM51 -> 25 | M49: =$K$66*L49/$L$66 -> #REF! | N49: 4.75 | O49: 22 | P49: 3.7543161 | Q49: 12.8 | R49: 39.4 | S49: 13.749891 | T49: 6.9 | U49: 18.6 | V49: 5.9503896 | W49: =K49-M49+Q49-S49+T49-V49+N49-P49 -> #REF! | X49: =A49 -> YLS | Y49: =B49 -> 198 | AA49: 208 | AB49: 3
A50: WKY | B50: 201 | C50: =SUMIF(#REF!,B50,#REF!) -> #REF! | F50: ='SEN INIL'!BV49 -> 1.45 | J50: =AI34 -> 1 | K50: =SUM(C50:J50) -> #REF! | L50: ='INV. RATIO(FINAL EXAM)'!AM52 -> 15.5 | M50: =$K$66*L50/$L$66 -> #REF! | N50: 2 | O50: 13.3 | P50: 2.2696547 | Q50: 13 | R50: 21.9 | S50: 7.6427057 | T50: 3.9 | U50: 9.1 | V50: 2.9112121 | W50: =K50-M50+Q50-S50+T50-V50+N50-P50 -> #REF! | X50: =A50 -> WKY | Y50: =B50 -> 201 | AA50: 209 | AB50: 3
A51: WSY | B51: 202 | C51: =SUMIF(#REF!,B51,#REF!) -> #REF! | F51: ='SEN INIL'!BV50 -> 3.7166667 | K51: =SUM(C51:J51) -> #REF! | L51: ='INV. RATIO(FINAL EXAM)'!AM53 -> 25 | M51: =$K$66*L51/$L$66 -> #REF! | N51: 5 | O51: 28.2 | P51: 4.8123506 | Q51: 13.4 | R51: 48.8 | S51: 17.030321 | T51: 6.3 | U51: 23 | V51: 7.3580087 | W51: =K51-M51+Q51-S51+T51-V51+N51-P51 -> #REF! | X51: =A51 -> WSY | Y51: =B51 -> 202 | AA51: 214 | AB51: 3
A52: CCH | B52: 203 | C52: =SUMIF(#REF!,B52,#REF!) -> #REF! | F52: ='SEN INIL'!BV51 -> 13.05 | K52: =SUM(C52:J52) -> #REF! | L52: ='INV. RATIO(FINAL EXAM)'!AM54 -> 25 | M52: =$K$66*L52/$L$66 -> #REF! | N52: 3.5833333 | O52: 23 | P52: 3.9249668 | Q52: 11.6 | R52: 35.4 | S52: 12.353963 | T52: 5.2 | U52: 22.6 | V52: 7.2300433 | W52: =K52-M52+Q52-S52+T52-V52+N52-P52 -> #REF! | X52: =A52 -> CCH | Y52: =B52 -> 203 | AA52: Total | AB52: =SUM(AB42:AB51) -> 30
A53: WWM | B53: 204 | C53: =SUMIF(#REF!,B53,#REF!) -> #REF! | F53: ='SEN INIL'!BV52 -> 0 | J53: =AI35 -> 1 | K53: =SUM(C53:J53) -> #REF! | L53: ='INV. RATIO(FINAL EXAM)'!AM55 -> 24.5 | M53: =$K$66*L53/$L$66 -> #REF! | N53: 4 | O53: 24.3 | P53: 4.1468127 | Q53: 14.4 | R53: 46.9 | S53: 16.367256 | T53: 5.3 | U53: 22.6 | V53: 7.2300433 | W53: =K53-M53+Q53-S53+T53-V53+N53-P53 -> #REF! | X53: =A53 -> WWM | Y53: =B53 -> 204
A54: CSC | B54: 205 | C54: =SUMIF(#REF!,B54,#REF!) -> #REF! | F54: ='SEN INIL'!BV53 -> 0 | H54: =AB48 -> 3 | K54: =SUM(C54:J54) -> #REF! | L54: ='INV. RATIO(FINAL EXAM)'!AM56 -> 14.5 | M54: =$K$66*L54/$L$66 -> #REF! | N54: 3.75 | O54: 13.5 | P54: 2.3037849 | Q54: 7 | R54: 24.5 | S54: 8.5500589 | T54: 2 | U54: 11 | V54: 3.5190476 | W54: =K54-M54+Q54-S54+T54-V54+N54-P54 -> #REF! | X54: =A54 -> CSC | Y54: =B54 -> 205
A55: TFC | B55: 206 | C55: =SUMIF(#REF!,B55,#REF!) -> #REF! | F55: ='SEN INIL'!BV54 -> 0 | K55: =SUM(C55:J55) -> #REF! | L55: ='INV. RATIO(FINAL EXAM)'!AM57 -> 25.5 | M55: =$K$66*L55/$L$66 -> #REF! | N55: 4 | O55: 27.3 | P55: 4.6587649 | Q55: 14.2 | R55: 38.9 | S55: 13.5754 | T55: 5.8 | U55: 23.1 | V55: 7.39 | W55: =K55-M55+Q55-S55+T55-V55+N55-P55 -> #REF! | X55: =A55 -> TFC | Y55: =B55 -> 206
A56: CST | B56: 207 | C56: =SUMIF(#REF!,B56,#REF!) -> #REF! | F56: ='SEN INIL'!BV55 -> 0 | K56: =SUM(C56:J56) -> #REF! | L56: ='INV. RATIO(FINAL EXAM)'!AM58 -> 25 | M56: =$K$66*L56/$L$66 -> #REF! | N56: 3.5 | O56: 23.2 | P56: 3.9590969 | Q56: 14.7 | R56: 43.6 | S56: 15.215615 | T56: 6.5 | U56: 23.4 | V56: 7.485974 | W56: =K56-M56+Q56-S56+T56-V56+N56-P56 -> #REF! | X56: =A56 -> CST | Y56: =B56 -> 207
A57: CHL | B57: 208 | C57: =SUMIF(#REF!,B57,#REF!) -> #REF! | F57: ='SEN INIL'!BV56 -> 4.4333333 | H57: =AB49 -> 3 | K57: =SUM(C57:J57) -> #REF! | L57: ='INV. RATIO(FINAL EXAM)'!AM59 -> 22.5 | M57: =$K$66*L57/$L$66 -> #REF! | N57: 5.5833333 | O57: 22.3 | P57: 3.8055113 | Q57: 15 | R57: 38.9 | S57: 13.5754 | T57: 3.3 | U57: 18.1 | V57: 5.7904329 | W57: =K57-M57+Q57-S57+T57-V57+N57-P57 -> #REF! | X57: =A57 -> CHL | Y57: =B57 -> 208
A58: LCK | B58: 209 | C58: =SUMIF(#REF!,B58,#REF!) -> #REF! | F58: ='SEN INIL'!BV57 -> 0 | H58: =AB50 -> 3 | J58: =AI36 -> 2 | K58: =SUM(C58:J58) -> #REF! | L58: ='INV. RATIO(FINAL EXAM)'!AM60 -> 16.5 | M58: =$K$66*L58/$L$66 -> #REF! | N58: 3.5 | O58: 18.7 | P58: 3.1911687 | Q58: 14.2 | R58: 36.1 | S58: 12.59825 | T58: 1.3 | U58: 15.4 | V58: 4.9266667 | W58: =K58-M58+Q58-S58+T58-V58+N58-P58 -> #REF! | X58: =A58 -> LCK | Y58: =B58 -> 209
A59: CYC | B59: 210 | C59: =SUMIF(#REF!,B59,#REF!) -> #REF! | F59: ='SEN INIL'!BV58 -> 0 | K59: =SUM(C59:J59) -> #REF! | L59: ='INV. RATIO(FINAL EXAM)'!AM61 -> 24 | M59: =$K$66*L59/$L$66 -> #REF! | N59: 5.25 | O59: 21 | P59: 3.5836653 | Q59: 12.4 | R59: 33.9 | S59: 11.83049 | T59: 4.5 | U59: 13.6 | V59: 4.3508225 | W59: =K59-M59+Q59-S59+T59-V59+N59-P59 -> #REF! | X59: =A59 -> CYC | Y59: =B59 -> 210
A60: CPK | B60: 211 | C60: =SUMIF(#REF!,B60,#REF!) -> #REF! | F60: ='SEN INIL'!BV59 -> 12.3 | K60: =SUM(C60:J60) -> #REF! | L60: ='INV. RATIO(FINAL EXAM)'!AM62 -> 25.5 | M60: =$K$66*L60/$L$66 -> #REF! | N60: 4.25 | O60: 26.3 | P60: 4.4881142 | Q60: 12.5 | R60: 37.9 | S60: 13.226418 | T60: 5.8 | U60: 20.1 | V60: 6.4302597 | W60: =K60-M60+Q60-S60+T60-V60+N60-P60 -> #REF! | X60: =A60 -> CPK | Y60: =B60 -> 211
A61: LZJ | B61: 213 | C61: =SUMIF(#REF!,B61,#REF!) -> #REF! | F61: ='SEN INIL'!BV60 -> 0 | J61: =AI37 -> 1 | K61: =SUM(C61:J61) -> #REF! | L61: ='INV. RATIO(FINAL EXAM)'!AM63 -> 13 | M61: =$K$66*L61/$L$66 -> #REF! | N61: 0 | O61: 11 | P61: 1.877158 | Q61: 15.3 | R61: 19 | S61: 6.6306579 | T61: 11.4 | U61: 7 | V61: 2.2393939 | W61: =K61-M61+Q61-S61+T61-V61+N61-P61 -> #REF! | X61: =A61 -> LZJ | Y61: =B61 -> 213
A62: CKH | B62: 214 | C62: =SUMIF(#REF!,B62,#REF!) -> #REF! | F62: ='SEN INIL'!BV61 -> 2.7333333 | H62: =AB51 -> 3 | J62: =AI13 -> 5.7166667 | K62: =SUM(C62:J62) -> #REF! | L62: ='INV. RATIO(FINAL EXAM)'!AM64 -> 26.5 | M62: =$K$66*L62/$L$66 -> #REF! | N62: 6 | O62: 25.7 | P62: 4.3857238 | Q62: 14 | R62: 53.1 | S62: 18.530944 | T62: 6.8 | U62: 25.9 | V62: 8.2857576 | W62: =K62-M62+Q62-S62+T62-V62+N62-P62 -> #REF! | X62: =A62 -> CKH | Y62: =B62 -> 214
A63: Waterlily | B63: 216 | C63: =SUMIF(#REF!,B63,#REF!) -> #REF! | F63: ='SEN INIL'!BV62 -> 0 | J63: =AI14 -> 5.7166667 | K63: =SUM(C63:J63) -> #REF! | L63: ='INV. RATIO(FINAL EXAM)'!AM65 -> 25 | M63: =$K$66*L63/$L$66 -> #REF! | N63: 4.25 | O63: 21 | P63: 3.5836653 | Q63: 12.4 | R63: 39.8 | S63: 13.889483 | T63: 6.7 | U63: 16.8 | V63: 5.3745455 | W63: =K63-M63+Q63-S63+T63-V63+N63-P63 -> #REF! | X63: =A63 -> Waterlily | Y63: =B63 -> 216
A64: YSM | B64: 217 | C64: =SUMIF(#REF!,B64,#REF!) -> #REF! | F64: ='SEN INIL'!BV63 -> 0 | J64: =AI38 -> 1 | K64: =SUM(C64:J64) -> #REF! | L64: ='INV. RATIO(FINAL EXAM)'!AM66 -> 13 | M64: =$K$66*L64/$L$66 -> #REF! | N64: 4.5833333 | O64: 13 | P64: 2.2184595 | Q64: 4.2 | R64: 20 | S64: 6.9796399 | T64: 0 | U64: 9 | V64: 2.8792208 | W64: =K64-M64+Q64-S64+T64-V64+N64-P64 -> #REF! | X64: =A64 -> YSM | Y64: =B64 -> 217
A65: YKF | B65: 218 | C65: =SUMIF(#REF!,B65,#REF!) -> #REF! | F65: ='SEN INIL'!BV64 -> 16.2 | K65: =SUM(C65:J65) -> #REF! | L65: ='INV. RATIO(FINAL EXAM)'!AM67 -> 25 | M65: =$K$66*L65/$L$66 -> #REF! | N65: 3.5 | O65: 27 | P65: 4.6075697 | Q65: 12.8 | R65: 45.4 | S65: 15.843783 | T65: 4.8 | U65: 24.6 | V65: 7.8698701 | W65: =K65-M65+Q65-S65+T65-V65+N65-P65 -> #REF! | X65: =A65 -> YKF | Y65: =B65 -> 218
C66: =SUMIF(#REF!,B66,#REF!) -> #REF! | F66: ='SEN INIL'!BV65 -> 0 | J66: Total | K66: =SUM(K3:K65) -> #REF! | L66: =SUM(L3:L65) -> 1359.5 | M66: =SUM(M3:M65) -> #REF! | N66: 235.58333 | O66: 1380.5 | P66: 235.58333 | Q66: 829.6 | R66: 2377.2 | S66: 829.6 | T66: 369.5 | U66: 1155 | V66: 369.5 | W66: =SUM(W3:W65) -> #REF! | Y66: -
C67: =SUMIF(#REF!,B67,#REF!) -> #REF! | F67: ='SEN INIL'!BV66 -> 0 | W67: / | X67: =A67 -> 0 | Y67: =B67 -> 0
B68: TAP | C68: =SUMIF(#REF!,B68,#REF!) -> #REF! | F68: ='SEN INIL'!BV67 -> 8.3 | K68: =SUM(C68:J68) -> #REF! | X68: =A68 -> 0 | Y68: =B68 -> TAP
C69: =SUMIF(#REF!,B69,#REF!) -> #REF! | F69: ='SEN INIL'!BV68 -> 0 | K69: =SUM(C69:J69) -> #REF! | X69: =A69 -> 0 | Y69: =B69 -> 0
B70: IEC3 | C70: =SUMIF(#REF!,B70,#REF!) -> #REF! | F70: ='SEN INIL'!BV69 -> 8.0166667 | K70: =SUM(C70:J70) -> #REF! | X70: =A70 -> 0 | Y70: =B70 -> IEC3
B71: IES2 | C71: =SUMIF(#REF!,B71,#REF!) -> #REF! | F71: ='SEN INIL'!BV70 -> 7.0333333 | K71: =SUM(C71:J71) -> #REF! | X71: =A71 -> 0 | Y71: =B71 -> IES2
B72: PTC | C72: =SUMIF(#REF!,B72,#REF!) -> #REF! | F72: ='SEN INIL'!BV71 -> 3.8833333 | K72: =SUM(C72:J72) -> #REF! | X72: =A72 -> 0 | Y72: =B72 -> PTC
C73: =SUMIF(#REF!,B73,#REF!) -> #REF! | F73: ='SEN INIL'!BV72 -> 0 | K73: =SUM(C73:J73) -> #REF! | X73: =A73 -> 0 | Y73: =B73 -> 0
A74: Lun | B74: 88 | C74: =SUMIF(#REF!,B74,#REF!) -> #REF! | F74: ='SEN INIL'!BV73 -> 3 | K74: =SUM(C74:J74) -> #REF! | X74: =A74 -> Lun | Y74: =B74 -> 88
A75: Ann | B75: 154 | C75: =SUMIF(#REF!,B75,#REF!) -> #REF! | F75: ='SEN INIL'!BV74 -> 3 | K75: =SUM(C75:J75) -> #REF! | X75: =A75 -> Ann | Y75: =B75 -> 154
A76: William | B76: 220 | C76: =SUMIF(#REF!,B76,#REF!) -> #REF! | F76: ='SEN INIL'!BV75 -> 0 | K76: =SUM(C76:J76) -> #REF! | X76: =A76 -> William | Y76: =B76 -> 220
A77: Joslyn | B77: 221 | C77: =SUMIF(#REF!,B77,#REF!) -> #REF! | F77: ='SEN INIL'!BV76 -> 0 | K77: =SUM(C77:J77) -> #REF! | X77: =A77 -> Joslyn | Y77: =B77 -> 221
B78: S67 | C78: =SUMIF(#REF!,B78,#REF!) -> #REF! | F78: ='SEN INIL'!BV77 -> 0 | J78: =AI15 -> 0 | K78: =SUM(C78:J78) -> #REF! | X78: =A78 -> 0 | Y78: =B78 -> S67
D79: =SUM(D3:D78) -> 0 | F79: =SUM(F3:F78) -> 190.5 | G79: =SUM(G3:G78) -> 0 | H79: =SUM(H3:H78) -> 30 | J79: =SUM(J3:J78) -> 80.953333
C80: =AVERAGE(#REF!,#REF!,#REF!,#REF!,#REF!,#REF!,#REF!,#REF!,#REF!,#REF!,#REF!,#REF!,#REF!,#REF!,#REF!,#REF!,#REF!,#REF!,#REF!,#REF!,#REF!,#REF!,#REF!,#REF!,#REF!,#REF!,#REF!,#REF!,#REF!,#REF!,#REF!,#REF!,#REF!,#REF!,#REF!) -> #REF! | E80: Average Non-Speaking Duty(Non-language Teachers)

Sheet SEN INIL
B1: S1 | C1: S2 | D1: S3 | E1: S4 | F1: S5 | G1: VA | H1: S5(SST) phy lab | I1: S5(SST) IS lab | K1: S1 | O1: INVIL | P1: Supp | R1: S2 | V1: INVIL | W1: Supp | Y1: S3 | AC1: INVIL | AD1: Supp | AF1: S4 | AJ1: INVIL | AK1: Supp | AL1: S5 | AP1: INVIL | AQ1: Supp | AS1: S5(SST) phy lab | AW1: INVIL | AX1: Supp | AY1: S5(SST) IS lab | BC1: INVIL | BD1: Supp | BE1: LEAVE | BM1: Teacher | BN1: hrs:mins | BO1: decimal | BQ1: Support | BR1: hrs:mins | BS1: decimal
A2: 11/6/2024 TUE | B2: 8:05 - 9:17 | C2: 8:05 - 9:17 | D2: 8:05 - 9:17 | E2: 8:05 - 10:03 | F2: 8:05 - 10:08 | J2: 11/6/2024 TUE | K2: 0.32638889 | L2: - | M2: 0.38680556 | N2: =M2-K2 -> 0.060416667 | O2: 201 | R2: 0.32638889 | S2: - | T2: 0.38680556 | U2: =IF(T2<>"",T2-R2,"") -> 0.060416667 | V2: 203 | Y2: 0.32638889 | Z2: - | AA2: 0.38680556 | AB2: =IF(AA2<>"",AA2-Y2,"") -> 0.060416667 | AC2: 49 | AF2: 0.32638889 | AG2: - | AH2: 0.41875 | AI2: =IF(AH2<>"",AH2-AF2,"") -> 0.092361111 | AJ2: 91 | AK2: 198 | AL2: 0.32638889 | AM2: - | AN2: 0.42222222 | AO2: =IF(AN2<>"",AN2-AL2,"") -> 0.095833333 | AP2: 211 | AQ2: (198) | AV2: =IF(AU2<>"",AU2-AS2,"") | BB2: =IF(BA2<>"",BA2-AY2,"") | BF2: 25 | BG2: 114 | BH2: 178 | BM2: 3 | BN2: =SUMIF($O$2:$O$41,BM2,$N$2:$N$41)+SUMIF($V$2:$V$41,BM2,$U$2:$U$41)+SUMIF($AC$2:$AC$41,BM2,$AB$2:$AB$41)+SUMIF($AJ$2:$AJ$41,BM2,$AI$2:$AI$41)+SUMIF($AP$2:$AP$41,BM2,$AO$2:$AO$41)+SUMIF($AW$2:$AW$41,BM2,$AV$2:$AV$41)+SUMIF($BC$2:$BC$41,BM2,$BB$2:$BB$41) -> 0.10277778 | BO2: =BN2*24 -> 2.4666667 | BQ2: =BM2 -> 3 | BR2: =SUMIF($P$2:$P$42,BQ2,$N$2:$N$41)+SUMIF($W$2:$W$42,BQ2,$U$2:$U$41)+SUMIF($AD$2:$AD$42,BQ2,$AB$2:$AB$41)+SUMIF($AK$2:$AK$42,BQ2,$AI$2:$AI$41)+SUMIF($AQ$2:$AQ$42,BQ2,$AO$2:$AO$41)+SUMIF($AX$2:$AX$42,BQ2,$AV$2:$AV$41)+SUMIF($BD$2:$BD$42,BQ2,$BB$2:$BB$41) -> 0 | BS2: =BR2*24 -> 0 | BU2: =BM2 -> 3 | BV2: =BO2+BS2 -> 2.4666667
D3: 9:50 - 10:44 | E3: 10:35 - 12:33 | F3: 10:40 - 13:44 | U3: =IF(T3<>"",T3-R3,"") | Y3: 0.39930556 | AA3: 0.44722222 | AB3: =IF(AA3<>"",AA3-Y3,"") -> 0.047916667 | AC3: 49 | AF3: 0.43055556 | AH3: 0.52291667 | AI3: =IF(AH3<>"",AH3-AF3,"") -> 0.092361111 | AJ3: 91 | AK3: 103 | AL3: 0.43402778 | AN3: 0.52083333 | AO3: =IF(AN3<>"",AN3-AL3,"") -> 0.086805556 | AP3: 153 | AQ3: (103) | AV3: =IF(AU3<>"",AU3-AS3,"") | BB3: =IF(BA3<>"",BA3-AY3,"") | BF3: 25 | BG3: 114 | BH3: 178 | BM3: 4 | BN3: =SUMIF($O$2:$O$41,BM3,$N$2:$N$41)+SUMIF($V$2:$V$41,BM3,$U$2:$U$41)+SUMIF($AC$2:$AC$41,BM3,$AB$2:$AB$41)+SUMIF($AJ$2:$AJ$41,BM3,$AI$2:$AI$41)+SUMIF($AP$2:$AP$41,BM3,$AO$2:$AO$41)+SUMIF($AW$2:$AW$41,BM3,$AV$2:$AV$41)+SUMIF($BC$2:$BC$41,BM3,$BB$2:$BB$41) -> 0 | BO3: =BN3*24 -> 0 | BQ3: =BM3 -> 4 | BR3: =SUMIF($P$2:$P$42,BQ3,$N$2:$N$41)+SUMIF($W$2:$W$42,BQ3,$U$2:$U$41)+SUMIF($AD$2:$AD$42,BQ3,$AB$2:$AB$41)+SUMIF($AK$2:$AK$42,BQ3,$AI$2:$AI$41)+SUMIF($AQ$2:$AQ$42,BQ3,$AO$2:$AO$41)+SUMIF($AX$2:$AX$42,BQ3,$AV$2:$AV$41)+SUMIF($BD$2:$BD$42,BQ3,$BB$2:$BB$41) -> 0 | BS3: =BR3*24 -> 0 | BU3: =BM3 -> 4 | BV3: =BO3+BS3 -> 0
N4: =IF(M4<>"",M4-K4,"") | U4: =IF(T4<>"",T4-R4,"") | AB4: =IF(AA4<>"",AA4-Y4,"") | AI4: =IF(AH4<>"",AH4-AF4,"") | AK4: IES2 | AL4: 0.52291667 | AN4: 0.57222222 | AO4: =IF(AN4<>"",AN4-AL4,"") -> 0.049305556 | AP4: IEC3 | AQ4: (IES2) | AV4: =IF(AU4<>"",AU4-AS4,"") | BB4: =IF(BA4<>"",BA4-AY4,"") | BF4: 25 | BG4: 114 | BH4: 178 | BM4: 5 | BN4: =SUMIF($O$2:$O$41,BM4,$N$2:$N$41)+SUMIF($V$2:$V$41,BM4,$U$2:$U$41)+SUMIF($AC$2:$AC$41,BM4,$AB$2:$AB$41)+SUMIF($AJ$2:$AJ$41,BM4,$AI$2:$AI$41)+SUMIF($AP$2:$AP$41,BM4,$AO$2:$AO$41)+SUMIF($AW$2:$AW$41,BM4,$AV$2:$AV$41)+SUMIF($BC$2:$BC$41,BM4,$BB$2:$BB$41) -> 0.15416667 | BO4: =BN4*24 -> 3.7 | BQ4: =BM4 -> 5 | BR4: =SUMIF($P$2:$P$42,BQ4,$N$2:$N$41)+SUMIF($W$2:$W$42,BQ4,$U$2:$U$41)+SUMIF($AD$2:$AD$42,BQ4,$AB$2:$AB$41)+SUMIF($AK$2:$AK$42,BQ4,$AI$2:$AI$41)+SUMIF($AQ$2:$AQ$42,BQ4,$AO$2:$AO$41)+SUMIF($AX$2:$AX$42,BQ4,$AV$2:$AV$41)+SUMIF($BD$2:$BD$42,BQ4,$BB$2:$BB$41) -> 0 | BS4: =BR4*24 -> 0 | BU4: =BM4 -> 5 | BV4: =BO4+BS4 -> 3.7
N5: =IF(M5<>"",M5-K5,"") | U5: =IF(T5<>"",T5-R5,"") | AB5: =IF(AA5<>"",AA5-Y5,"") | AI5: =IF(AH5<>"",AH5-AF5,"") | AO5: =IF(AN5<>"",AN5-AL5,"") | AV5: =IF(AU5<>"",AU5-AS5,"") | BB5: =IF(BA5<>"",BA5-AY5,"") | BF5: 25 | BG5: 114 | BH5: 178 | BM5: 20 | BN5: =SUMIF($O$2:$O$41,BM5,$N$2:$N$41)+SUMIF($V$2:$V$41,BM5,$U$2:$U$41)+SUMIF($AC$2:$AC$41,BM5,$AB$2:$AB$41)+SUMIF($AJ$2:$AJ$41,BM5,$AI$2:$AI$41)+SUMIF($AP$2:$AP$41,BM5,$AO$2:$AO$41)+SUMIF($AW$2:$AW$41,BM5,$AV$2:$AV$41)+SUMIF($BC$2:$BC$41,BM5,$BB$2:$BB$41) -> 0 | BO5: =BN5*24 -> 0 | BQ5: =BM5 -> 20 | BR5: =SUMIF($P$2:$P$42,BQ5,$N$2:$N$41)+SUMIF($W$2:$W$42,BQ5,$U$2:$U$41)+SUMIF($AD$2:$AD$42,BQ5,$AB$2:$AB$41)+SUMIF($AK$2:$AK$42,BQ5,$AI$2:$AI$41)+SUMIF($AQ$2:$AQ$42,BQ5,$AO$2:$AO$41)+SUMIF($AX$2:$AX$42,BQ5,$AV$2:$AV$41)+SUMIF($BD$2:$BD$42,BQ5,$BB$2:$BB$41) -> 0.125 | BS5: =BR5*24 -> 3 | BU5: =BM5 -> 20 | BV5: =BO5+BS5 -> 3
A6: 12/6/2024 WED | B6: 8:05 - 9:17 | C6: 8:05 - 8:41 | D6: 8:05 - 9:17 | E6: 8:05 - 9:45 | F6: 8:05 - 10:08 | J6: 12/6/2024 WED | K6: 0.32638889 | L6: - | M6: 0.38680556 | N6: =IF(M6<>"",M6-K6,"") -> 0.060416667 | O6: 211 | R6: 0.32638889 | T6: 0.36180556 | U6: =IF(T6<>"",T6-R6,"") -> 0.035416667 | V6: 218 | Y6: 0.32638889 | Z6: - | AA6: 0.38680556 | AB6: =IF(AA6<>"",AA6-Y6,"") -> 0.060416667 | AC6: 113 | AF6: 0.32638889 | AH6: 0.40625 | AI6: =IF(AH6<>"",AH6-AF6,"") -> 0.079861111 | AJ6: 138 | AK6: (TAP) | AL6: 0.32638889 | AM6: - | AN6: 0.42222222 | AO6: =IF(AN6<>"",AN6-AL6,"") -> 0.095833333 | AP6: 198 | AQ6: TAP | AV6: =IF(AU6<>"",AU6-AS6,"") | BB6: =IF(BA6<>"",BA6-AY6,"") | BE6: 49 | BF6: 25 | BG6: 114 | BH6: 178 | BI6: 117 | BJ6: 217 | BM6: 22 | BN6: =SUMIF($O$2:$O$41,BM6,$N$2:$N$41)+SUMIF($V$2:$V$41,BM6,$U$2:$U$41)+SUMIF($AC$2:$AC$41,BM6,$AB$2:$AB$41)+SUMIF($AJ$2:$AJ$41,BM6,$AI$2:$AI$41)+SUMIF($AP$2:$AP$41,BM6,$AO$2:$AO$41)+SUMIF($AW$2:$AW$41,BM6,$AV$2:$AV$41)+SUMIF($BC$2:$BC$41,BM6,$BB$2:$BB$41) -> 0.10833333 | BO6: =BN6*24 -> 2.6 | BQ6: =BM6 -> 22 | BR6: =SUMIF($P$2:$P$42,BQ6,$N$2:$N$41)+SUMIF($W$2:$W$42,BQ6,$U$2:$U$41)+SUMIF($AD$2:$AD$42,BQ6,$AB$2:$AB$41)+SUMIF($AK$2:$AK$42,BQ6,$AI$2:$AI$41)+SUMIF($AQ$2:$AQ$42,BQ6,$AO$2:$AO$41)+SUMIF($AX$2:$AX$42,BQ6,$AV$2:$AV$41)+SUMIF($BD$2:$BD$42,BQ6,$BB$2:$BB$41) -> 0 | BS6: =BR6*24 -> 0 | BU6: =BM6 -> 22 | BV6: =BO6+BS6 -> 2.6
B7: 9:50 - 11:02 | C7: 8:45 - 9:15 | D7: 9:50 - 10:44 | F7: 10:40 - 14:08 | K7: 0.39930556 | M7: 0.45972222 | N7: =IF(M7<>"",M7-K7,"") -> 0.060416667 | O7: 134 | R7: 0.36180556 | T7: 0.38541667 | U7: =IF(T7<>"",T7-R7,"") -> 0.023611111 | V7: 218 | Y7: 0.39930556 | AA7: 0.44722222 | AB7: =IF(AA7<>"",AA7-Y7,"") -> 0.047916667 | AC7: 113 | AI7: =IF(AH7<>"",AH7-AF7,"") | AL7: 0.43402778 | AM7: - | AN7: 0.52083333 | AO7: =IF(AN7<>"",AN7-AL7,"") -> 0.086805556 | AP7: 203 | AV7: =IF(AU7<>"",AU7-AS7,"") | BB7: =IF(BA7<>"",BA7-AY7,"") | BE7: 49 | BF7: 25 | BG7: 114 | BH7: 178 | BI7: 117 | BJ7: 217 | BM7: 25 | BN7: =SUMIF($O$2:$O$41,BM7,$N$2:$N$41)+SUMIF($V$2:$V$41,BM7,$U$2:$U$41)+SUMIF($AC$2:$AC$41,BM7,$AB$2:$AB$41)+SUMIF($AJ$2:$AJ$41,BM7,$AI$2:$AI$41)+SUMIF($AP$2:$AP$41,BM7,$AO$2:$AO$41)+SUMIF($AW$2:$AW$41,BM7,$AV$2:$AV$41)+SUMIF($BC$2:$BC$41,BM7,$BB$2:$BB$41) -> 0.19444444 | BO7: =BN7*24 -> 4.6666667 | BQ7: =BM7 -> 25 | BR7: =SUMIF($P$2:$P$42,BQ7,$N$2:$N$41)+SUMIF($W$2:$W$42,BQ7,$U$2:$U$41)+SUMIF($AD$2:$AD$42,BQ7,$AB$2:$AB$41)+SUMIF($AK$2:$AK$42,BQ7,$AI$2:$AI$41)+SUMIF($AQ$2:$AQ$42,BQ7,$AO$2:$AO$41)+SUMIF($AX$2:$AX$42,BQ7,$AV$2:$AV$41)+SUMIF($BD$2:$BD$42,BQ7,$BB$2:$BB$41) -> 0 | BS7: =BR7*24 -> 0 | BU7: =BM7 -> 25 | BV7: =BO7+BS7 -> 4.6666667
C8: 9:45 - 10:20 | N8: =IF(M8<>"",M8-K8,"") | R8: 0.40625 | T8: 0.43055556 | U8: =IF(T8<>"",T8-R8,"") -> 0.024305556 | V8: 218 | AB8: =IF(AA8<>"",AA8-Y8,"") | AI8: =IF(AH8<>"",AH8-AF8,"") | AL8: 0.52083333 | AM8: - | AN8: 0.58888889 | AO8: =IF(AN8<>"",AN8-AL8,"") -> 0.068055556 | AP8: IES2 | AV8: =IF(AU8<>"",AU8-AS8,"") | BB8: =IF(BA8<>"",BA8-AY8,"") | BE8: 49 | BF8: 25 | BG8: 114 | BH8: 178 | BI8: 117 | BJ8: 217 | BM8: 32 | BN8: =SUMIF($O$2:$O$41,BM8,$N$2:$N$41)+SUMIF($V$2:$V$41,BM8,$U$2:$U$41)+SUMIF($AC$2:$AC$41,BM8,$AB$2:$AB$41)+SUMIF($AJ$2:$AJ$41,BM8,$AI$2:$AI$41)+SUMIF($AP$2:$AP$41,BM8,$AO$2:$AO$41)+SUMIF($AW$2:$AW$41,BM8,$AV$2:$AV$41)+SUMIF($BC$2:$BC$41,BM8,$BB$2:$BB$41) -> 0 | BO8: =BN8*24 -> 0 | BQ8: =BM8 -> 32 | BR8: =SUMIF($P$2:$P$42,BQ8,$N$2:$N$41)+SUMIF($W$2:$W$42,BQ8,$U$2:$U$41)+SUMIF($AD$2:$AD$42,BQ8,$AB$2:$AB$41)+SUMIF($AK$2:$AK$42,BQ8,$AI$2:$AI$41)+SUMIF($AQ$2:$AQ$42,BQ8,$AO$2:$AO$41)+SUMIF($AX$2:$AX$42,BQ8,$AV$2:$AV$41)+SUMIF($BD$2:$BD$42,BQ8,$BB$2:$BB$41) -> 0 | BS8: =BR8*24 -> 0 | BU8: =BM8 -> 32 | BV8: =BO8+BS8 -> 0
N9: =IF(M9<>"",M9-K9,"") | U9: =IF(T9<>"",T9-R9,"") | AB9: =IF(AA9<>"",AA9-Y9,"") | AI9: =IF(AH9<>"",AH9-AF9,"") | AO9: =IF(AN9<>"",AN9-AL9,"") | AV9: =IF(AU9<>"",AU9-AS9,"") | BB9: =IF(BA9<>"",BA9-AY9,"") | BE9: 49 | BF9: 25 | BG9: 114 | BH9: 178 | BI9: 117 | BJ9: 217 | BM9: 37 | BN9: =SUMIF($O$2:$O$41,BM9,$N$2:$N$41)+SUMIF($V$2:$V$41,BM9,$U$2:$U$41)+SUMIF($AC$2:$AC$41,BM9,$AB$2:$AB$41)+SUMIF($AJ$2:$AJ$41,BM9,$AI$2:$AI$41)+SUMIF($AP$2:$AP$41,BM9,$AO$2:$AO$41)+SUMIF($AW$2:$AW$41,BM9,$AV$2:$AV$41)+SUMIF($BC$2:$BC$41,BM9,$BB$2:$BB$41) -> 0.059722222 | BO9: =BN9*24 -> 1.4333333 | BQ9: =BM9 -> 37 | BR9: =SUMIF($P$2:$P$42,BQ9,$N$2:$N$41)+SUMIF($W$2:$W$42,BQ9,$U$2:$U$41)+SUMIF($AD$2:$AD$42,BQ9,$AB$2:$AB$41)+SUMIF($AK$2:$AK$42,BQ9,$AI$2:$AI$41)+SUMIF($AQ$2:$AQ$42,BQ9,$AO$2:$AO$41)+SUMIF($AX$2:$AX$42,BQ9,$AV$2:$AV$41)+SUMIF($BD$2:$BD$42,BQ9,$BB$2:$BB$41) -> 0 | BS9: =BR9*24 -> 0 | BU9: =BM9 -> 37 | BV9: =BO9+BS9 -> 1.4333333
A10: 13/6/2024 THUR | B10: 8:05 - 9:35 | C10: 8:05 - 9:17 | D10: 8:05 - 9:17 | E10: 8:05 - 10:03 | F10: 8:05 - 10:50 | J10: 13/6/2024 THUR | K10: 0.32638889 | L10: - | M10: 0.39930556 | N10: =IF(M10<>"",M10-K10,"") -> 0.072916667 | O10: 78 | R10: 0.32638889 | S10: - | T10: 0.38680556 | U10: =IF(T10<>"",T10-R10,"") -> 0.060416667 | V10: 25 | Y10: 0.32638889 | Z10: - | AA10: 0.38680556 | AB10: =IF(AA10<>"",AA10-Y10,"") -> 0.060416667 | AC10: 22 | AF10: 0.32638889 | AG10: - | AH10: 0.41875 | AI10: =IF(AH10<>"",AH10-AF10,"") -> 0.092361111 | AJ10: 208 | AK10: 113 | AL10: 0.32638889 | AM10: - | AN10: 0.45138889 | AO10: =IF(AN10<>"",AN10-AL10,"") -> 0.125 | AP10: 91 | AQ10: （113） | AV10: =IF(AU10<>"",AU10-AS10,"") | BB10: =IF(BA10<>"",BA10-AY10,"") | BF10: 203 | BG10: 211 | BM10: 39 | BN10: =SUMIF($O$2:$O$41,BM10,$N$2:$N$41)+SUMIF($V$2:$V$41,BM10,$U$2:$U$41)+SUMIF($AC$2:$AC$41,BM10,$AB$2:$AB$41)+SUMIF($AJ$2:$AJ$41,BM10,$AI$2:$AI$41)+SUMIF($AP$2:$AP$41,BM10,$AO$2:$AO$41)+SUMIF($AW$2:$AW$41,BM10,$AV$2:$AV$41)+SUMIF($BC$2:$BC$41,BM10,$BB$2:$BB$41) -> 0 | BO10: =BN10*24 -> 0 | BQ10: =BM10 -> 39 | BR10: =SUMIF($P$2:$P$42,BQ10,$N$2:$N$41)+SUMIF($W$2:$W$42,BQ10,$U$2:$U$41)+SUMIF($AD$2:$AD$42,BQ10,$AB$2:$AB$41)+SUMIF($AK$2:$AK$42,BQ10,$AI$2:$AI$41)+SUMIF($AQ$2:$AQ$42,BQ10,$AO$2:$AO$41)+SUMIF($AX$2:$AX$42,BQ10,$AV$2:$AV$41)+SUMIF($BD$2:$BD$42,BQ10,$BB$2:$BB$41) -> 0 | BS10: =BR10*24 -> 0 | BU10: =BM10 -> 39 | BV10: =BO10+BS10 -> 0
D11: 9:50 - 11:02 | E11: 10:35 - 13:32 | F11: 11:20 - 14:05 | N11: =IF(M11<>"",M11-K11,"") | U11: =IF(T11<>"",T11-R11,"") | Y11: 0.39930556 | AA11: 0.45972222 | AB11: =IF(AA11<>"",AA11-Y11,"") -> 0.060416667 | AC11: 161 | AF11: 0.43055556 | AH11: 0.52083333 | AI11: =IF(AH11<>"",AH11-AF11,"") -> 0.090277778 | AJ11: 129 | AK11: IEC3 | AL11: 0.46180556 | AM11: - | AN11: 0.52083333 | AO11: =IF(AN11<>"",AN11-AL11,"") -> 0.059027778 | AP11: 114 | AQ11: （IEC3） | AV11: =IF(AU11<>"",AU11-AS11,"") | BB11: =IF(BA11<>"",BA11-AY11,"") | BF11: 203 | BG11: 211 | BM11: 49 | BN11: =SUMIF($O$2:$O$41,BM11,$N$2:$N$41)+SUMIF($V$2:$V$41,BM11,$U$2:$U$41)+SUMIF($AC$2:$AC$41,BM11,$AB$2:$AB$41)+SUMIF($AJ$2:$AJ$41,BM11,$AI$2:$AI$41)+SUMIF($AP$2:$AP$41,BM11,$AO$2:$AO$41)+SUMIF($AW$2:$AW$41,BM11,$AV$2:$AV$41)+SUMIF($BC$2:$BC$41,BM11,$BB$2:$BB$41) -> 0.16875 | BO11: =BN11*24 -> 4.05 | BQ11: =BM11 -> 49 | BR11: =SUMIF($P$2:$P$42,BQ11,$N$2:$N$41)+SUMIF($W$2:$W$42,BQ11,$U$2:$U$41)+SUMIF($AD$2:$AD$42,BQ11,$AB$2:$AB$41)+SUMIF($AK$2:$AK$42,BQ11,$AI$2:$AI$41)+SUMIF($AQ$2:$AQ$42,BQ11,$AO$2:$AO$41)+SUMIF($AX$2:$AX$42,BQ11,$AV$2:$AV$41)+SUMIF($BD$2:$BD$42,BQ11,$BB$2:$BB$41) -> 0 | BS11: =BR11*24 -> 0 | BU11: =BM11 -> 49 | BV11: =BO11+BS11 -> 4.05
N12: =IF(M12<>"",M12-K12,"") | U12: =IF(T12<>"",T12-R12,"") | AB12: =IF(AA12<>"",AA12-Y12,"") | AF12: 0.52083333 | AG12: - | AH12: 0.56388889 | AI12: =IF(AH12<>"",AH12-AF12,"") -> 0.043055556 | AJ12: IES2 | AK12: IEC3 | AL12: 0.52083333 | AM12: - | AN12: 0.58680556 | AO12: =IF(AN12<>"",AN12-AL12,"") -> 0.065972222 | AP12: PTC | AQ12: (IEC3) | AV12: =IF(AU12<>"",AU12-AS12,"") | BB12: =IF(BA12<>"",BA12-AY12,"") | BE12: 72 | BF12: 203 | BG12: 211 | BM12: 67 | BN12: =SUMIF($O$2:$O$41,BM12,$N$2:$N$41)+SUMIF($V$2:$V$41,BM12,$U$2:$U$41)+SUMIF($AC$2:$AC$41,BM12,$AB$2:$AB$41)+SUMIF($AJ$2:$AJ$41,BM12,$AI$2:$AI$41)+SUMIF($AP$2:$AP$41,BM12,$AO$2:$AO$41)+SUMIF($AW$2:$AW$41,BM12,$AV$2:$AV$41)+SUMIF($BC$2:$BC$41,BM12,$BB$2:$BB$41) -> 0 | BO12: =BN12*24 -> 0 | BQ12: =BM12 -> 67 | BR12: =SUMIF($P$2:$P$42,BQ12,$N$2:$N$41)+SUMIF($W$2:$W$42,BQ12,$U$2:$U$41)+SUMIF($AD$2:$AD$42,BQ12,$AB$2:$AB$41)+SUMIF($AK$2:$AK$42,BQ12,$AI$2:$AI$41)+SUMIF($AQ$2:$AQ$42,BQ12,$AO$2:$AO$41)+SUMIF($AX$2:$AX$42,BQ12,$AV$2:$AV$41)+SUMIF($BD$2:$BD$42,BQ12,$BB$2:$BB$41) -> 0 | BS12: =BR12*24 -> 0 | BU12: =BM12 -> 67 | BV12: =BO12+BS12 -> 0
N13: =IF(M13<>"",M13-K13,"") | U13: =IF(T13<>"",T13-R13,"") | AB13: =IF(AA13<>"",AA13-Y13,"") | AI13: =IF(AH13<>"",AH13-AF13,"") | AO13: =IF(AN13<>"",AN13-AL13,"") | AV13: =IF(AU13<>"",AU13-AS13,"") | BB13: =IF(BA13<>"",BA13-AY13,"") | BE13: 72 | BF13: 203 | BG13: 211 | BM13: 72 | BN13: =SUMIF($O$2:$O$41,BM13,$N$2:$N$41)+SUMIF($V$2:$V$41,BM13,$U$2:$U$41)+SUMIF($AC$2:$AC$41,BM13,$AB$2:$AB$41)+SUMIF($AJ$2:$AJ$41,BM13,$AI$2:$AI$41)+SUMIF($AP$2:$AP$41,BM13,$AO$2:$AO$41)+SUMIF($AW$2:$AW$41,BM13,$AV$2:$AV$41)+SUMIF($BC$2:$BC$41,BM13,$BB$2:$BB$41) -> 0 | BO13: =BN13*24 -> 0 | BQ13: =BM13 -> 72 | BR13: =SUMIF($P$2:$P$42,BQ13,$N$2:$N$41)+SUMIF($W$2:$W$42,BQ13,$U$2:$U$41)+SUMIF($AD$2:$AD$42,BQ13,$AB$2:$AB$41)+SUMIF($AK$2:$AK$42,BQ13,$AI$2:$AI$41)+SUMIF($AQ$2:$AQ$42,BQ13,$AO$2:$AO$41)+SUMIF($AX$2:$AX$42,BQ13,$AV$2:$AV$41)+SUMIF($BD$2:$BD$42,BQ13,$BB$2:$BB$41) -> 0 | BS13: =BR13*24 -> 0 | BU13: =BM13 -> 72 | BV13: =BO13+BS13 -> 0
A14: 14/6/2024 FRI | B14: 8:05 - 9:17 | C14: 8:05 - 9:17 | D14: 8:05 - 9:35 | E14: 8:05 - 10:03 | F14: 8:05 - 10:50 | G14: 8:15 - 12:57 (S4) | H14: 8:05 - 10:50 | J14: 14/6/2024 FRI | K14: 0.32638889 | L14: - | M14: 0.38680556 | N14: =IF(M14<>"",M14-K14,"") -> 0.060416667 | O14: 211 | R14: 0.32638889 | S14: - | T14: 0.38680556 | U14: =IF(T14<>"",T14-R14,"") -> 0.060416667 | V14: 114 | Y14: 0.32638889 | Z14: - | AA14: 0.39930556 | AB14: =IF(AA14<>"",AA14-Y14,"") -> 0.072916667 | AC14: 129 | AF14: 0.32638889 | AH14: 0.41875 | AI14: =IF(AH14<>"",AH14-AF14,"") -> 0.092361111 | AJ14: 91 | AK14: (TAP) | AL14: 0.32638889 | AM14: - | AN14: 0.45138889 | AO14: =IF(AN14<>"",AN14-AL14,"") -> 0.125 | AP14: 203 | AQ14: TAP | AS14: 0.32638889 | AT14: - | AU14: 0.45138889 | AV14: =IF(AU14<>"",AU14-AS14,"") -> 0.125 | AW14: 218 | AX14: 88 | BB14: =IF(BA14<>"",BA14-AY14,"") | BE14: 49 | BF14: 113 | BG14: 186 | BM14: 73 | BN14: =SUMIF($O$2:$O$41,BM14,$N$2:$N$41)+SUMIF($V$2:$V$41,BM14,$U$2:$U$41)+SUMIF($AC$2:$AC$41,BM14,$AB$2:$AB$41)+SUMIF($AJ$2:$AJ$41,BM14,$AI$2:$AI$41)+SUMIF($AP$2:$AP$41,BM14,$AO$2:$AO$41)+SUMIF($AW$2:$AW$41,BM14,$AV$2:$AV$41)+SUMIF($BC$2:$BC$41,BM14,$BB$2:$BB$41) -> 0 | BO14: =BN14*24 -> 0 | BQ14: =BM14 -> 73 | BR14: =SUMIF($P$2:$P$42,BQ14,$N$2:$N$41)+SUMIF($W$2:$W$42,BQ14,$U$2:$U$41)+SUMIF($AD$2:$AD$42,BQ14,$AB$2:$AB$41)+SUMIF($AK$2:$AK$42,BQ14,$AI$2:$AI$41)+SUMIF($AQ$2:$AQ$42,BQ14,$AO$2:$AO$41)+SUMIF($AX$2:$AX$42,BQ14,$AV$2:$AV$41)+SUMIF($BD$2:$BD$42,BQ14,$BB$2:$BB$41) -> 0 | BS14: =BR14*24 -> 0 | BU14: =BM14 -> 73 | BV14: =BO14+BS14 -> 0
B15: 9:50 - 11:02 | D15: 10:05 - 10:35 | G15: 8:15 - 12:57 (S5) | K15: 0.39930556 | M15: 0.45972222 | N15: =IF(M15<>"",M15-K15,"") -> 0.060416667 | O15: 211 | U15: =IF(T15<>"",T15-R15,"") | Y15: 0.40972222 | AA15: 0.44097222 | AB15: =IF(AA15<>"",AA15-Y15,"") -> 0.03125 | AC15: 129 | AI15: =IF(AH15<>"",AH15-AF15,"") | AO15: =IF(AN15<>"",AN15-AL15,"") | AV15: =IF(AU15<>"",AU15-AS15,"") | BB15: =IF(BA15<>"",BA15-AY15,"") | BE15: 49 | BF15: 113 | BG15: 186 | BM15: 76 | BN15: =SUMIF($O$2:$O$41,BM15,$N$2:$N$41)+SUMIF($V$2:$V$41,BM15,$U$2:$U$41)+SUMIF($AC$2:$AC$41,BM15,$AB$2:$AB$41)+SUMIF($AJ$2:$AJ$41,BM15,$AI$2:$AI$41)+SUMIF($AP$2:$AP$41,BM15,$AO$2:$AO$41)+SUMIF($AW$2:$AW$41,BM15,$AV$2:$AV$41)+SUMIF($BC$2:$BC$41,BM15,$BB$2:$BB$41) -> 0 | BO15: =BN15*24 -> 0 | BQ15: =BM15 -> 76 | BR15: =SUMIF($P$2:$P$42,BQ15,$N$2:$N$41)+SUMIF($W$2:$W$42,BQ15,$U$2:$U$41)+SUMIF($AD$2:$AD$42,BQ15,$AB$2:$AB$41)+SUMIF($AK$2:$AK$42,BQ15,$AI$2:$AI$41)+SUMIF($AQ$2:$AQ$42,BQ15,$AO$2:$AO$41)+SUMIF($AX$2:$AX$42,BQ15,$AV$2:$AV$41)+SUMIF($BD$2:$BD$42,BQ15,$BB$2:$BB$41) -> 0 | BS15: =BR15*24 -> 0 | BU15: =BM15 -> 76 | BV15: =BO15+BS15 -> 0
N16: =IF(M16<>"",M16-K16,"") | U16: =IF(T16<>"",T16-R16,"") | AB16: =IF(AA16<>"",AA16-Y16,"") | AI16: =IF(AH16<>"",AH16-AF16,"") | AO16: =IF(AN16<>"",AN16-AL16,"") | AV16: =IF(AU16<>"",AU16-AS16,"") | BB16: =IF(BA16<>"",BA16-AY16,"") | BE16: 49 | BF16: 113 | BG16: 186 | BM16: 78 | BN16: =SUMIF($O$2:$O$41,BM16,$N$2:$N$41)+SUMIF($V$2:$V$41,BM16,$U$2:$U$41)+SUMIF($AC$2:$AC$41,BM16,$AB$2:$AB$41)+SUMIF($AJ$2:$AJ$41,BM16,$AI$2:$AI$41)+SUMIF($AP$2:$AP$41,BM16,$AO$2:$AO$41)+SUMIF($AW$2:$AW$41,BM16,$AV$2:$AV$41)+SUMIF($BC$2:$BC$41,BM16,$BB$2:$BB$41) -> 0.072916667 | BO16: =BN16*24 -> 1.75 | BQ16: =BM16 -> 78 | BR16: =SUMIF($P$2:$P$42,BQ16,$N$2:$N$41)+SUMIF($W$2:$W$42,BQ16,$U$2:$U$41)+SUMIF($AD$2:$AD$42,BQ16,$AB$2:$AB$41)+SUMIF($AK$2:$AK$42,BQ16,$AI$2:$AI$41)+SUMIF($AQ$2:$AQ$42,BQ16,$AO$2:$AO$41)+SUMIF($AX$2:$AX$42,BQ16,$AV$2:$AV$41)+SUMIF($BD$2:$BD$42,BQ16,$BB$2:$BB$41) -> 0 | BS16: =BR16*24 -> 0 | BU16: =BM16 -> 78 | BV16: =BO16+BS16 -> 1.75
N17: =IF(M17<>"",M17-K17,"") | U17: =IF(T17<>"",T17-R17,"") | AB17: =IF(AA17<>"",AA17-Y17,"") | AI17: =IF(AH17<>"",AH17-AF17,"") | AO17: =IF(AN17<>"",AN17-AL17,"") | AV17: =IF(AU17<>"",AU17-AS17,"") | BB17: =IF(BA17<>"",BA17-AY17,"") | BE17: 49 | BF17: 113 | BG17: 186 | BM17: 84 | BN17: =SUMIF($O$2:$O$41,BM17,$N$2:$N$41)+SUMIF($V$2:$V$41,BM17,$U$2:$U$41)+SUMIF($AC$2:$AC$41,BM17,$AB$2:$AB$41)+SUMIF($AJ$2:$AJ$41,BM17,$AI$2:$AI$41)+SUMIF($AP$2:$AP$41,BM17,$AO$2:$AO$41)+SUMIF($AW$2:$AW$41,BM17,$AV$2:$AV$41)+SUMIF($BC$2:$BC$41,BM17,$BB$2:$BB$41) -> 0.125 | BO17: =BN17*24 -> 3 | BQ17: =BM17 -> 84 | BR17: =SUMIF($P$2:$P$42,BQ17,$N$2:$N$41)+SUMIF($W$2:$W$42,BQ17,$U$2:$U$41)+SUMIF($AD$2:$AD$42,BQ17,$AB$2:$AB$41)+SUMIF($AK$2:$AK$42,BQ17,$AI$2:$AI$41)+SUMIF($AQ$2:$AQ$42,BQ17,$AO$2:$AO$41)+SUMIF($AX$2:$AX$42,BQ17,$AV$2:$AV$41)+SUMIF($BD$2:$BD$42,BQ17,$BB$2:$BB$41) -> 0 | BS17: =BR17*24 -> 0 | BU17: =BM17 -> 84 | BV17: =BO17+BS17 -> 3
A18: 17/6/2024 MON | B18: 8:15 - 9:09 | C18: 8:15 - 9:45 | D18: 8:15 - 9:27 | E18: 8:15 - 9:27 | F18: 8:15 - 11:43 | J18: 17/6/2024 MON | K18: 0.33333333 | M18: 0.38125 | N18: =IF(M18<>"",M18-K18,"") -> 0.047916667 | O18: 22 | R18: 0.33333333 | T18: 0.40625 | U18: =IF(T18<>"",T18-R18,"") -> 0.072916667 | V18: 218 | Y18: 0.33333333 | AA18: 0.39375 | AB18: =IF(AA18<>"",AA18-Y18,"") -> 0.060416667 | AC18: 138 | AF18: 0.33333333 | AH18: 0.39375 | AI18: =IF(AH18<>"",AH18-AF18,"") -> 0.060416667 | AJ18: 5 | AK18: 147 | AL18: 0.33333333 | AN18: 0.48819444 | AO18: =IF(AN18<>"",AN18-AL18,"") -> 0.15486111 | AP18: 202 | AQ18: （147） | AV18: =IF(AU18<>"",AU18-AS18,"") | BB18: =IF(BA18<>"",BA18-AY18,"") | BM18: 85 | BN18: =SUMIF($O$2:$O$41,BM18,$N$2:$N$41)+SUMIF($V$2:$V$41,BM18,$U$2:$U$41)+SUMIF($AC$2:$AC$41,BM18,$AB$2:$AB$41)+SUMIF($AJ$2:$AJ$41,BM18,$AI$2:$AI$41)+SUMIF($AP$2:$AP$41,BM18,$AO$2:$AO$41)+SUMIF($AW$2:$AW$41,BM18,$AV$2:$AV$41)+SUMIF($BC$2:$BC$41,BM18,$BB$2:$BB$41) -> 0 | BO18: =BN18*24 -> 0 | BQ18: =BM18 -> 85 | BR18: =SUMIF($P$2:$P$42,BQ18,$N$2:$N$41)+SUMIF($W$2:$W$42,BQ18,$U$2:$U$41)+SUMIF($AD$2:$AD$42,BQ18,$AB$2:$AB$41)+SUMIF($AK$2:$AK$42,BQ18,$AI$2:$AI$41)+SUMIF($AQ$2:$AQ$42,BQ18,$AO$2:$AO$41)+SUMIF($AX$2:$AX$42,BQ18,$AV$2:$AV$41)+SUMIF($BD$2:$BD$42,BQ18,$BB$2:$BB$41) -> 0 | BS18: =BR18*24 -> 0 | BU18: =BM18 -> 85 | BV18: =BO18+BS18 -> 0
B19: 9:40 - 10:10 | C19: 10:15 - 10:45 | D19: 10:00 - 11:12 | E19: 10:00 - 11:58 | K19: 0.39236111 | M19: 0.42361111 | N19: =IF(M19<>"",M19-K19,"") -> 0.03125 | O19: 203 | R19: 0.41666667 | T19: 0.44791667 | U19: =IF(T19<>"",T19-R19,"") -> 0.03125 | V19: 218 | Y19: 0.40625 | AA19: 0.46666667 | AB19: =IF(AA19<>"",AA19-Y19,"") -> 0.060416667 | AC19: 138 | AF19: 0.40625 | AH19: 0.49861111 | AI19: =IF(AH19<>"",AH19-AF19,"") -> 0.092361111 | AJ19: 208 | AK19: IEC3 | AO19: =IF(AN19<>"",AN19-AL19,"") | AV19: =IF(AU19<>"",AU19-AS19,"") | BB19: =IF(BA19<>"",BA19-AY19,"") | BL19: CHECK | BM19: 86 | BN19: =SUMIF($O$2:$O$41,BM19,$N$2:$N$41)+SUMIF($V$2:$V$41,BM19,$U$2:$U$41)+SUMIF($AC$2:$AC$41,BM19,$AB$2:$AB$41)+SUMIF($AJ$2:$AJ$41,BM19,$AI$2:$AI$41)+SUMIF($AP$2:$AP$41,BM19,$AO$2:$AO$41)+SUMIF($AW$2:$AW$41,BM19,$AV$2:$AV$41)+SUMIF($BC$2:$BC$41,BM19,$BB$2:$BB$41) -> 0 | BO19: =BN19*24 -> 0 | BQ19: =BM19 -> 86 | BR19: =SUMIF($P$2:$P$42,BQ19,$N$2:$N$41)+SUMIF($W$2:$W$42,BQ19,$U$2:$U$41)+SUMIF($AD$2:$AD$42,BQ19,$AB$2:$AB$41)+SUMIF($AK$2:$AK$42,BQ19,$AI$2:$AI$41)+SUMIF($AQ$2:$AQ$42,BQ19,$AO$2:$AO$41)+SUMIF($AX$2:$AX$42,BQ19,$AV$2:$AV$41)+SUMIF($BD$2:$BD$42,BQ19,$BB$2:$BB$41) -> 0 | BS19: =BR19*24 -> 0 | BU19: =BM19 -> 86 | BV19: =BO19+BS19 -> 0
N20: =IF(M20<>"",M20-K20,"") | U20: =IF(T20<>"",T20-R20,"") | AB20: =IF(AA20<>"",AA20-Y20,"") | AI20: =IF(AH20<>"",AH20-AF20,"") | AO20: =IF(AN20<>"",AN20-AL20,"") | AV20: =IF(AU20<>"",AU20-AS20,"") | BB20: =IF(BA20<>"",BA20-AY20,"") | BE20: 141 | BL20: 202 | BM20: 90 | BN20: =SUMIF($O$2:$O$41,BM20,$N$2:$N$41)+SUMIF($V$2:$V$41,BM20,$U$2:$U$41)+SUMIF($AC$2:$AC$41,BM20,$AB$2:$AB$41)+SUMIF($AJ$2:$AJ$41,BM20,$AI$2:$AI$41)+SUMIF($AP$2:$AP$41,BM20,$AO$2:$AO$41)+SUMIF($AW$2:$AW$41,BM20,$AV$2:$AV$41)+SUMIF($BC$2:$BC$41,BM20,$BB$2:$BB$41) -> 0 | BO20: =BN20*24 -> 0 | BQ20: =BM20 -> 90 | BR20: =SUMIF($P$2:$P$42,BQ20,$N$2:$N$41)+SUMIF($W$2:$W$42,BQ20,$U$2:$U$41)+SUMIF($AD$2:$AD$42,BQ20,$AB$2:$AB$41)+SUMIF($AK$2:$AK$42,BQ20,$AI$2:$AI$41)+SUMIF($AQ$2:$AQ$42,BQ20,$AO$2:$AO$41)+SUMIF($AX$2:$AX$42,BQ20,$AV$2:$AV$41)+SUMIF($BD$2:$BD$42,BQ20,$BB$2:$BB$41) -> 0 | BS20: =BR20*24 -> 0 | BU20: =BM20 -> 90 | BV20: =BO20+BS20 -> 0
N21: =IF(M21<>"",M21-K21,"") | U21: =IF(T21<>"",T21-R21,"") | AB21: =IF(AA21<>"",AA21-Y21,"") | AI21: =IF(AH21<>"",AH21-AF21,"") | AO21: =IF(AN21<>"",AN21-AL21,"") | AV21: =IF(AU21<>"",AU21-AS21,"") | BB21: =IF(BA21<>"",BA21-AY21,"") | BE21: 141 | BM21: 91 | BN21: =SUMIF($O$2:$O$41,BM21,$N$2:$N$41)+SUMIF($V$2:$V$41,BM21,$U$2:$U$41)+SUMIF($AC$2:$AC$41,BM21,$AB$2:$AB$41)+SUMIF($AJ$2:$AJ$41,BM21,$AI$2:$AI$41)+SUMIF($AP$2:$AP$41,BM21,$AO$2:$AO$41)+SUMIF($AW$2:$AW$41,BM21,$AV$2:$AV$41)+SUMIF($BC$2:$BC$41,BM21,$BB$2:$BB$41) -> 0.52708333 | BO21: =BN21*24 -> 12.65 | BQ21: =BM21 -> 91 | BR21: =SUMIF($P$2:$P$42,BQ21,$N$2:$N$41)+SUMIF($W$2:$W$42,BQ21,$U$2:$U$41)+SUMIF($AD$2:$AD$42,BQ21,$AB$2:$AB$41)+SUMIF($AK$2:$AK$42,BQ21,$AI$2:$AI$41)+SUMIF($AQ$2:$AQ$42,BQ21,$AO$2:$AO$41)+SUMIF($AX$2:$AX$42,BQ21,$AV$2:$AV$41)+SUMIF($BD$2:$BD$42,BQ21,$BB$2:$BB$41) -> 0 | BS21: =BR21*24 -> 0 | BU21: =BM21 -> 91 | BV21: =BO21+BS21 -> 12.65
A22: 18/6/2024 TUE | B22: 8:05 - 9:17 | C22: 8:05 - 9:17 | D22: 8:05 - 9:17 | E22: 8:05 - 10:03 | F22: 8:05 - 10:50 | J22: 18/6/2024 TUE | K22: 0.32638889 | L22: - | M22: 0.38680556 | N22: =IF(M22<>"",M22-K22,"") -> 0.060416667 | O22: 3 | R22: 0.32638889 | S22: - | T22: 0.38680556 | U22: =IF(T22<>"",T22-R22,"") -> 0.060416667 | V22: 134 | Y22: 0.32638889 | AA22: 0.38680556 | AB22: =IF(AA22<>"",AA22-Y22,"") -> 0.060416667 | AC22: 218 | AF22: 0.32638889 | AH22: 0.41875 | AI22: =IF(AH22<>"",AH22-AF22,"") -> 0.092361111 | AJ22: 211 | AK22: (113) | AL22: 0.32638889 | AN22: 0.45138889 | AO22: =IF(AN22<>"",AN22-AL22,"") -> 0.125 | AP22: 84 | AQ22: 113 | AV22: =IF(AU22<>"",AU22-AS22,"") | BB22: =IF(BA22<>"",BA22-AY22,"") | BM22: 92 | BN22: =SUMIF($O$2:$O$41,BM22,$N$2:$N$41)+SUMIF($V$2:$V$41,BM22,$U$2:$U$41)+SUMIF($AC$2:$AC$41,BM22,$AB$2:$AB$41)+SUMIF($AJ$2:$AJ$41,BM22,$AI$2:$AI$41)+SUMIF($AP$2:$AP$41,BM22,$AO$2:$AO$41)+SUMIF($AW$2:$AW$41,BM22,$AV$2:$AV$41)+SUMIF($BC$2:$BC$41,BM22,$BB$2:$BB$41) -> 0 | BO22: =BN22*24 -> 0 | BQ22: =BM22 -> 92 | BR22: =SUMIF($P$2:$P$42,BQ22,$N$2:$N$41)+SUMIF($W$2:$W$42,BQ22,$U$2:$U$41)+SUMIF($AD$2:$AD$42,BQ22,$AB$2:$AB$41)+SUMIF($AK$2:$AK$42,BQ22,$AI$2:$AI$41)+SUMIF($AQ$2:$AQ$42,BQ22,$AO$2:$AO$41)+SUMIF($AX$2:$AX$42,BQ22,$AV$2:$AV$41)+SUMIF($BD$2:$BD$42,BQ22,$BB$2:$BB$41) -> 0 | BS22: =BR22*24 -> 0 | BU22: =BM22 -> 92 | BV22: =BO22+BS22 -> 0
B23: 9:50 - 10:26 | D23: 9:50 - 10:14 | K23: 0.39236111 | M23: 0.43472222 | N23: =IF(M23<>"",M23-K23,"") -> 0.042361111 | O23: 3 | U23: =IF(T23<>"",T23-R23,"") | Y23: 0.39930556 | AA23: 0.42638889 | AB23: =IF(AA23<>"",AA23-Y23,"") -> 0.027083333 | AC23: 218 | AI23: =IF(AH23<>"",AH23-AF23,"") | AO23: =IF(AN23<>"",AN23-AL23,"") | AV23: =IF(AU23<>"",AU23-AS23,"") | BB23: =IF(BA23<>"",BA23-AY23,"") | BM23: 102 | BN23: =SUMIF($O$2:$O$41,BM23,$N$2:$N$41)+SUMIF($V$2:$V$41,BM23,$U$2:$U$41)+SUMIF($AC$2:$AC$41,BM23,$AB$2:$AB$41)+SUMIF($AJ$2:$AJ$41,BM23,$AI$2:$AI$41)+SUMIF($AP$2:$AP$41,BM23,$AO$2:$AO$41)+SUMIF($AW$2:$AW$41,BM23,$AV$2:$AV$41)+SUMIF($BC$2:$BC$41,BM23,$BB$2:$BB$41) -> 0 | BO23: =BN23*24 -> 0 | BQ23: =BM23 -> 102 | BR23: =SUMIF($P$2:$P$42,BQ23,$N$2:$N$41)+SUMIF($W$2:$W$42,BQ23,$U$2:$U$41)+SUMIF($AD$2:$AD$42,BQ23,$AB$2:$AB$41)+SUMIF($AK$2:$AK$42,BQ23,$AI$2:$AI$41)+SUMIF($AQ$2:$AQ$42,BQ23,$AO$2:$AO$41)+SUMIF($AX$2:$AX$42,BQ23,$AV$2:$AV$41)+SUMIF($BD$2:$BD$42,BQ23,$BB$2:$BB$41) -> 0 | BS23: =BR23*24 -> 0 | BU23: =BM23 -> 102 | BV23: =BO23+BS23 -> 0
D24: 10:20 - 10:56 | N24: =IF(M24<>"",M24-K24,"") | U24: =IF(T24<>"",T24-R24,"") | Y24: 0.42638889 | AA24: 0.45555556 | AB24: =IF(AA24<>"",AA24-Y24,"") -> 0.029166667 | AC24: 218 | AI24: =IF(AH24<>"",AH24-AF24,"") | AO24: =IF(AN24<>"",AN24-AL24,"") | AV24: =IF(AU24<>"",AU24-AS24,"") | BB24: =IF(BA24<>"",BA24-AY24,"") | BE24: 141 | BF24: 22 | BM24: 103 | BN24: =SUMIF($O$2:$O$41,BM24,$N$2:$N$41)+SUMIF($V$2:$V$41,BM24,$U$2:$U$41)+SUMIF($AC$2:$AC$41,BM24,$AB$2:$AB$41)+SUMIF($AJ$2:$AJ$41,BM24,$AI$2:$AI$41)+SUMIF($AP$2:$AP$41,BM24,$AO$2:$AO$41)+SUMIF($AW$2:$AW$41,BM24,$AV$2:$AV$41)+SUMIF($BC$2:$BC$41,BM24,$BB$2:$BB$41) -> 0 | BO24: =BN24*24 -> 0 | BQ24: =BM24 -> 103 | BR24: =SUMIF($P$2:$P$42,BQ24,$N$2:$N$41)+SUMIF($W$2:$W$42,BQ24,$U$2:$U$41)+SUMIF($AD$2:$AD$42,BQ24,$AB$2:$AB$41)+SUMIF($AK$2:$AK$42,BQ24,$AI$2:$AI$41)+SUMIF($AQ$2:$AQ$42,BQ24,$AO$2:$AO$41)+SUMIF($AX$2:$AX$42,BQ24,$AV$2:$AV$41)+SUMIF($BD$2:$BD$42,BQ24,$BB$2:$BB$41) -> 0.24722222 | BS24: =BR24*24 -> 5.9333333 | BU24: =BM24 -> 103 | BV24: =BO24+BS24 -> 5.9333333
N25: =IF(M25<>"",M25-K25,"") | U25: =IF(T25<>"",T25-R25,"") | AB25: =IF(AA25<>"",AA25-Y25,"") | AI25: =IF(AH25<>"",AH25-AF25,"") | AO25: =IF(AN25<>"",AN25-AL25,"") | AV25: =IF(AU25<>"",AU25-AS25,"") | BB25: =IF(BA25<>"",BA25-AY25,"") | BE25: 141 | BF25: 22 | BM25: 112 | BN25: =SUMIF($O$2:$O$41,BM25,$N$2:$N$41)+SUMIF($V$2:$V$41,BM25,$U$2:$U$41)+SUMIF($AC$2:$AC$41,BM25,$AB$2:$AB$41)+SUMIF($AJ$2:$AJ$41,BM25,$AI$2:$AI$41)+SUMIF($AP$2:$AP$41,BM25,$AO$2:$AO$41)+SUMIF($AW$2:$AW$41,BM25,$AV$2:$AV$41)+SUMIF($BC$2:$BC$41,BM25,$BB$2:$BB$41) -> 0.125 | BO25: =BN25*24 -> 3 | BQ25: =BM25 -> 112 | BR25: =SUMIF($P$2:$P$42,BQ25,$N$2:$N$41)+SUMIF($W$2:$W$42,BQ25,$U$2:$U$41)+SUMIF($AD$2:$AD$42,BQ25,$AB$2:$AB$41)+SUMIF($AK$2:$AK$42,BQ25,$AI$2:$AI$41)+SUMIF($AQ$2:$AQ$42,BQ25,$AO$2:$AO$41)+SUMIF($AX$2:$AX$42,BQ25,$AV$2:$AV$41)+SUMIF($BD$2:$BD$42,BQ25,$BB$2:$BB$41) -> 0 | BS25: =BR25*24 -> 0 | BU25: =BM25 -> 112 | BV25: =BO25+BS25 -> 3
A26: 19/6/2024 S3 TSA WED | B26: Home Study | C26: 8:05 - 8:59 | D26: 8:45 - 10:15 | F26: 8:05 - 10:34 | J26: 19/6/2024 S3 TSA WED | N26: =IF(M26<>"",M26-K26,"") | R26: 0.32638889 | T26: 0.37430556 | U26: =IF(T26<>"",T26-R26,"") -> 0.047916667 | V26: 211 | Y26: 0.33333333 | AA26: 0.42708333 | AB26: =IF(AA26<>"",AA26-Y26,"") -> 0.09375 | AC26: 5 | AI26: =IF(AH26<>"",AH26-AF26,"") | AL26: 0.32638889 | AM26: - | AN26: 0.44027778 | AO26: =IF(AN26<>"",AN26-AL26,"") -> 0.11388889 | AP26: 214 | AQ26: 120 | AV26: =IF(AU26<>"",AU26-AS26,"") | BB26: =IF(BA26<>"",BA26-AY26,"") | BM26: 113 | BN26: =SUMIF($O$2:$O$41,BM26,$N$2:$N$41)+SUMIF($V$2:$V$41,BM26,$U$2:$U$41)+SUMIF($AC$2:$AC$41,BM26,$AB$2:$AB$41)+SUMIF($AJ$2:$AJ$41,BM26,$AI$2:$AI$41)+SUMIF($AP$2:$AP$41,BM26,$AO$2:$AO$41)+SUMIF($AW$2:$AW$41,BM26,$AV$2:$AV$41)+SUMIF($BC$2:$BC$41,BM26,$BB$2:$BB$41) -> 0.10833333 | BO26: =BN26*24 -> 2.6 | BQ26: =BM26 -> 113 | BR26: =SUMIF($P$2:$P$42,BQ26,$N$2:$N$41)+SUMIF($W$2:$W$42,BQ26,$U$2:$U$41)+SUMIF($AD$2:$AD$42,BQ26,$AB$2:$AB$41)+SUMIF($AK$2:$AK$42,BQ26,$AI$2:$AI$41)+SUMIF($AQ$2:$AQ$42,BQ26,$AO$2:$AO$41)+SUMIF($AX$2:$AX$42,BQ26,$AV$2:$AV$41)+SUMIF($BD$2:$BD$42,BQ26,$BB$2:$BB$41) -> 0.21736111 | BS26: =BR26*24 -> 5.2166667 | BU26: =BM26 -> 113 | BV26: =BO26+BS26 -> 7.8166667
C27: 9:30 - 10:24 | D27: 10:35 - 11:11 | N27: =IF(M27<>"",M27-K27,"") | R27: 0.38541667 | T27: 0.43333333 | U27: =IF(T27<>"",T27-R27,"") -> 0.047916667 | V27: 203 | Y27: 0.43055556 | AA27: 0.46597222 | AB27: =IF(AA27<>"",AA27-Y27,"") -> 0.035416667 | AC27: 114 | AI27: =IF(AH27<>"",AH27-AF27,"") | AO27: =IF(AN27<>"",AN27-AL27,"") | AV27: =IF(AU27<>"",AU27-AS27,"") | BB27: =IF(BA27<>"",BA27-AY27,"") | BM27: 114 | BN27: =SUMIF($O$2:$O$41,BM27,$N$2:$N$41)+SUMIF($V$2:$V$41,BM27,$U$2:$U$41)+SUMIF($AC$2:$AC$41,BM27,$AB$2:$AB$41)+SUMIF($AJ$2:$AJ$41,BM27,$AI$2:$AI$41)+SUMIF($AP$2:$AP$41,BM27,$AO$2:$AO$41)+SUMIF($AW$2:$AW$41,BM27,$AV$2:$AV$41)+SUMIF($BC$2:$BC$41,BM27,$BB$2:$BB$41) -> 0.48958333 | BO27: =BN27*24 -> 11.75 | BQ27: =BM27 -> 114 | BR27: =SUMIF($P$2:$P$42,BQ27,$N$2:$N$41)+SUMIF($W$2:$W$42,BQ27,$U$2:$U$41)+SUMIF($AD$2:$AD$42,BQ27,$AB$2:$AB$41)+SUMIF($AK$2:$AK$42,BQ27,$AI$2:$AI$41)+SUMIF($AQ$2:$AQ$42,BQ27,$AO$2:$AO$41)+SUMIF($AX$2:$AX$42,BQ27,$AV$2:$AV$41)+SUMIF($BD$2:$BD$42,BQ27,$BB$2:$BB$41) -> 0 | BS27: =BR27*24 -> 0 | BU27: =BM27 -> 114 | BV27: =BO27+BS27 -> 11.75
D28: 11:30 - 11:45 | N28: =IF(M28<>"",M28-K28,"") | U28: =IF(T28<>"",T28-R28,"") | Y28: 0.46875 | AA28: 0.48958333 | AB28: =IF(AA28<>"",AA28-Y28,"") -> 0.020833333 | AC28: 114 | AI28: =IF(AH28<>"",AH28-AF28,"") | AO28: =IF(AN28<>"",AN28-AL28,"") | AV28: =IF(AU28<>"",AU28-AS28,"") | BB28: =IF(BA28<>"",BA28-AY28,"") | BM28: 117 | BN28: =SUMIF($O$2:$O$41,BM28,$N$2:$N$41)+SUMIF($V$2:$V$41,BM28,$U$2:$U$41)+SUMIF($AC$2:$AC$41,BM28,$AB$2:$AB$41)+SUMIF($AJ$2:$AJ$41,BM28,$AI$2:$AI$41)+SUMIF($AP$2:$AP$41,BM28,$AO$2:$AO$41)+SUMIF($AW$2:$AW$41,BM28,$AV$2:$AV$41)+SUMIF($BC$2:$BC$41,BM28,$BB$2:$BB$41) -> 0 | BO28: =BN28*24 -> 0 | BQ28: =BM28 -> 117 | BR28: =SUMIF($P$2:$P$42,BQ28,$N$2:$N$41)+SUMIF($W$2:$W$42,BQ28,$U$2:$U$41)+SUMIF($AD$2:$AD$42,BQ28,$AB$2:$AB$41)+SUMIF($AK$2:$AK$42,BQ28,$AI$2:$AI$41)+SUMIF($AQ$2:$AQ$42,BQ28,$AO$2:$AO$41)+SUMIF($AX$2:$AX$42,BQ28,$AV$2:$AV$41)+SUMIF($BD$2:$BD$42,BQ28,$BB$2:$BB$41) -> 0 | BS28: =BR28*24 -> 0 | BU28: =BM28 -> 117 | BV28: =BO28+BS28 -> 0
D29: 11:50 - 12:10 | N29: =IF(M29<>"",M29-K29,"") | U29: =IF(T29<>"",T29-R29,"") | Y29: 0.48958333 | AA29: 0.50694444 | AB29: =IF(AA29<>"",AA29-Y29,"") -> 0.017361111 | AC29: 114 | AI29: =IF(AH29<>"",AH29-AF29,"") | AO29: =IF(AN29<>"",AN29-AL29,"") | AV29: =IF(AU29<>"",AU29-AS29,"") | BB29: =IF(BA29<>"",BA29-AY29,"") | BM29: 120 | BN29: =SUMIF($O$2:$O$41,BM29,$N$2:$N$41)+SUMIF($V$2:$V$41,BM29,$U$2:$U$41)+SUMIF($AC$2:$AC$41,BM29,$AB$2:$AB$41)+SUMIF($AJ$2:$AJ$41,BM29,$AI$2:$AI$41)+SUMIF($AP$2:$AP$41,BM29,$AO$2:$AO$41)+SUMIF($AW$2:$AW$41,BM29,$AV$2:$AV$41)+SUMIF($BC$2:$BC$41,BM29,$BB$2:$BB$41) -> 0 | BO29: =BN29*24 -> 0 | BQ29: =BM29 -> 120 | BR29: =SUMIF($P$2:$P$42,BQ29,$N$2:$N$41)+SUMIF($W$2:$W$42,BQ29,$U$2:$U$41)+SUMIF($AD$2:$AD$42,BQ29,$AB$2:$AB$41)+SUMIF($AK$2:$AK$42,BQ29,$AI$2:$AI$41)+SUMIF($AQ$2:$AQ$42,BQ29,$AO$2:$AO$41)+SUMIF($AX$2:$AX$42,BQ29,$AV$2:$AV$41)+SUMIF($BD$2:$BD$42,BQ29,$BB$2:$BB$41) -> 0.11388889 | BS29: =BR29*24 -> 2.7333333 | BU29: =BM29 -> 120 | BV29: =BO29+BS29 -> 2.7333333
A30: 20/6/2024 S3 TSA THUR | B30: 8:05 - 8:40 | C30: Home Study | D30: 8:45 - 9:33 | E30: 8:05 - 10:03 | F30: 8:05 - 11:33 | J30: 20/6/2024 S3 TSA THUR | K30: 0.32638889 | M30: 0.36111111 | N30: =IF(M30<>"",M30-K30,"") -> 0.034722222 | O30: 134 | U30: =IF(T30<>"",T30-R30,"") | Y30: 0.33333333 | AA30: 0.39791667 | AB30: =IF(AA30<>"",AA30-Y30,"") -> 0.064583333 | AC30: 25 | AF30: 0.32638889 | AH30: 0.41875 | AI30: =IF(AH30<>"",AH30-AF30,"") -> 0.092361111 | AJ30: 129 | AK30: (103) | AL30: 0.32638889 | AN30: 0.48125 | AO30: =IF(AN30<>"",AN30-AL30,"") -> 0.15486111 | AP30: 114 | AQ30: 103 | AV30: =IF(AU30<>"",AU30-AS30,"") | BB30: =IF(BA30<>"",BA30-AY30,"") | BF30: 73 | BG30: 91 | BI30: 137 | BM30: 128 | BN30: =SUMIF($O$2:$O$41,BM30,$N$2:$N$41)+SUMIF($V$2:$V$41,BM30,$U$2:$U$41)+SUMIF($AC$2:$AC$41,BM30,$AB$2:$AB$41)+SUMIF($AJ$2:$AJ$41,BM30,$AI$2:$AI$41)+SUMIF($AP$2:$AP$41,BM30,$AO$2:$AO$41)+SUMIF($AW$2:$AW$41,BM30,$AV$2:$AV$41)+SUMIF($BC$2:$BC$41,BM30,$BB$2:$BB$41) -> 0 | BO30: =BN30*24 -> 0 | BQ30: =BM30 -> 128 | BR30: =SUMIF($P$2:$P$42,BQ30,$N$2:$N$41)+SUMIF($W$2:$W$42,BQ30,$U$2:$U$41)+SUMIF($AD$2:$AD$42,BQ30,$AB$2:$AB$41)+SUMIF($AK$2:$AK$42,BQ30,$AI$2:$AI$41)+SUMIF($AQ$2:$AQ$42,BQ30,$AO$2:$AO$41)+SUMIF($AX$2:$AX$42,BQ30,$AV$2:$AV$41)+SUMIF($BD$2:$BD$42,BQ30,$BB$2:$BB$41) -> 0 | BS30: =BR30*24 -> 0 | BU30: =BM30 -> 128 | BV30: =BO30+BS30 -> 0
B31: 8:45 - 9:09 | D31: 9:55 - 10:37 | K31: 0.36111111 | M31: 0.38125 | N31: =IF(M31<>"",M31-K31,"") -> 0.020138889 | O31: 134 | U31: =IF(T31<>"",T31-R31,"") | Y31: 0.40277778 | AA31: 0.44236111 | AB31: =IF(AA31<>"",AA31-Y31,"") -> 0.039583333 | AC31: 25 | AI31: =IF(AH31<>"",AH31-AF31,"") | AO31: =IF(AN31<>"",AN31-AL31,"") | AV31: =IF(AU31<>"",AU31-AS31,"") | BB31: =IF(BA31<>"",BA31-AY31,"") | BF31: 73 | BG31: 91 | BI31: 137 | BM31: 129 | BN31: =SUMIF($O$2:$O$41,BM31,$N$2:$N$41)+SUMIF($V$2:$V$41,BM31,$U$2:$U$41)+SUMIF($AC$2:$AC$41,BM31,$AB$2:$AB$41)+SUMIF($AJ$2:$AJ$41,BM31,$AI$2:$AI$41)+SUMIF($AP$2:$AP$41,BM31,$AO$2:$AO$41)+SUMIF($AW$2:$AW$41,BM31,$AV$2:$AV$41)+SUMIF($BC$2:$BC$41,BM31,$BB$2:$BB$41) -> 0.28680556 | BO31: =BN31*24 -> 6.8833333 | BQ31: =BM31 -> 129 | BR31: =SUMIF($P$2:$P$42,BQ31,$N$2:$N$41)+SUMIF($W$2:$W$42,BQ31,$U$2:$U$41)+SUMIF($AD$2:$AD$42,BQ31,$AB$2:$AB$41)+SUMIF($AK$2:$AK$42,BQ31,$AI$2:$AI$41)+SUMIF($AQ$2:$AQ$42,BQ31,$AO$2:$AO$41)+SUMIF($AX$2:$AX$42,BQ31,$AV$2:$AV$41)+SUMIF($BD$2:$BD$42,BQ31,$BB$2:$BB$41) -> 0 | BS31: =BR31*24 -> 0 | BU31: =BM31 -> 129 | BV31: =BO31+BS31 -> 6.8833333
D32: 10:45 - 11:20 | N32: =IF(M32<>"",M32-K32,"") | U32: =IF(T32<>"",T32-R32,"") | Y32: 0.44236111 | AA32: 0.47222222 | AB32: =IF(AA32<>"",AA32-Y32,"") -> 0.029861111 | AC32: 25 | AI32: =IF(AH32<>"",AH32-AF32,"") | AO32: =IF(AN32<>"",AN32-AL32,"") | AV32: =IF(AU32<>"",AU32-AS32,"") | BB32: =IF(BA32<>"",BA32-AY32,"") | BE32: 5 | BF32: 73 | BG32: 91 | BH32: 141 | BI32: 137 | BM32: 134 | BN32: =SUMIF($O$2:$O$41,BM32,$N$2:$N$41)+SUMIF($V$2:$V$41,BM32,$U$2:$U$41)+SUMIF($AC$2:$AC$41,BM32,$AB$2:$AB$41)+SUMIF($AJ$2:$AJ$41,BM32,$AI$2:$AI$41)+SUMIF($AP$2:$AP$41,BM32,$AO$2:$AO$41)+SUMIF($AW$2:$AW$41,BM32,$AV$2:$AV$41)+SUMIF($BC$2:$BC$41,BM32,$BB$2:$BB$41) -> 0.17569444 | BO32: =BN32*24 -> 4.2166667 | BQ32: =BM32 -> 134 | BR32: =SUMIF($P$2:$P$42,BQ32,$N$2:$N$41)+SUMIF($W$2:$W$42,BQ32,$U$2:$U$41)+SUMIF($AD$2:$AD$42,BQ32,$AB$2:$AB$41)+SUMIF($AK$2:$AK$42,BQ32,$AI$2:$AI$41)+SUMIF($AQ$2:$AQ$42,BQ32,$AO$2:$AO$41)+SUMIF($AX$2:$AX$42,BQ32,$AV$2:$AV$41)+SUMIF($BD$2:$BD$42,BQ32,$BB$2:$BB$41) -> 0 | BS32: =BR32*24 -> 0 | BU32: =BM32 -> 134 | BV32: =BO32+BS32 -> 4.2166667
D33: 11:40 - 12:58 | N33: =IF(M33<>"",M33-K33,"") | U33: =IF(T33<>"",T33-R33,"") | Y33: 0.47569444 | AA33: 0.54027778 | AB33: =IF(AA33<>"",AA33-Y33,"") -> 0.064583333 | AC33: 198 | AI33: =IF(AH33<>"",AH33-AF33,"") | AO33: =IF(AN33<>"",AN33-AL33,"") | AV33: =IF(AU33<>"",AU33-AS33,"") | BB33: =IF(BA33<>"",BA33-AY33,"") | BE33: 5 | BF33: 73 | BG33: 91 | BH33: 141 | BI33: 137 | BM33: 135 | BN33: =SUMIF($O$2:$O$41,BM33,$N$2:$N$41)+SUMIF($V$2:$V$41,BM33,$U$2:$U$41)+SUMIF($AC$2:$AC$41,BM33,$AB$2:$AB$41)+SUMIF($AJ$2:$AJ$41,BM33,$AI$2:$AI$41)+SUMIF($AP$2:$AP$41,BM33,$AO$2:$AO$41)+SUMIF($AW$2:$AW$41,BM33,$AV$2:$AV$41)+SUMIF($BC$2:$BC$41,BM33,$BB$2:$BB$41) -> 0 | BO33: =BN33*24 -> 0 | BQ33: =BM33 -> 135 | BR33: =SUMIF($P$2:$P$42,BQ33,$N$2:$N$41)+SUMIF($W$2:$W$42,BQ33,$U$2:$U$41)+SUMIF($AD$2:$AD$42,BQ33,$AB$2:$AB$41)+SUMIF($AK$2:$AK$42,BQ33,$AI$2:$AI$41)+SUMIF($AQ$2:$AQ$42,BQ33,$AO$2:$AO$41)+SUMIF($AX$2:$AX$42,BQ33,$AV$2:$AV$41)+SUMIF($BD$2:$BD$42,BQ33,$BB$2:$BB$41) -> 0 | BS33: =BR33*24 -> 0 | BU33: =BM33 -> 135 | BV33: =BO33+BS33 -> 0
A34: 21/6/2024 FRI | B34: 8:05 - 8:59 | C34: 8:05 - 9:17 | D34: 8:05 - 9:17 | E34: 8:05 - 10:03 | F34: 8:05 - 10:50 | H34: 8:05 - 10:50 | I34: 8:05 - 10:50 | J34: 21/6/2024 FRI | K34: 0.32638889 | M34: 0.37430556 | N34: =IF(M34<>"",M34-K34,"") -> 0.047916667 | O34: 114 | R34: 0.32638889 | T34: 0.38680556 | U34: =IF(T34<>"",T34-R34,"") -> 0.060416667 | V34: 147 | Y34: 0.32638889 | AA34: 0.38680556 | AB34: =IF(AA34<>"",AA34-Y34,"") -> 0.060416667 | AC34: 211 | AF34: 0.32638889 | AG34: - | AH34: 0.41875 | AI34: =IF(AH34<>"",AH34-AF34,"") -> 0.092361111 | AJ34: 178 | AK34: (20) | AL34: 0.32638889 | AM34: - | AN34: 0.45138889 | AO34: =IF(AN34<>"",AN34-AL34,"") -> 0.125 | AP34: 112 | AQ34: 20 | AS34: 0.32638889 | AT34: - | AU34: 0.45138889 | AV34: =IF(AU34<>"",AU34-AS34,"") -> 0.125 | AW34: 203 | AX34: 154 | AY34: 0.32638889 | AZ34: - | BA34: 0.45138889 | BB34: =IF(BA34<>"",BA34-AY34,"") -> 0.125 | BC34: 218 | BE34: 49 | BG34: 73 | BH34: 91 | BM34: 137 | BN34: =SUMIF($O$2:$O$41,BM34,$N$2:$N$41)+SUMIF($V$2:$V$41,BM34,$U$2:$U$41)+SUMIF($AC$2:$AC$41,BM34,$AB$2:$AB$41)+SUMIF($AJ$2:$AJ$41,BM34,$AI$2:$AI$41)+SUMIF($AP$2:$AP$41,BM34,$AO$2:$AO$41)+SUMIF($AW$2:$AW$41,BM34,$AV$2:$AV$41)+SUMIF($BC$2:$BC$41,BM34,$BB$2:$BB$41) -> 0 | BO34: =BN34*24 -> 0 | BQ34: =BM34 -> 137 | BR34: =SUMIF($P$2:$P$42,BQ34,$N$2:$N$41)+SUMIF($W$2:$W$42,BQ34,$U$2:$U$41)+SUMIF($AD$2:$AD$42,BQ34,$AB$2:$AB$41)+SUMIF($AK$2:$AK$42,BQ34,$AI$2:$AI$41)+SUMIF($AQ$2:$AQ$42,BQ34,$AO$2:$AO$41)+SUMIF($AX$2:$AX$42,BQ34,$AV$2:$AV$41)+SUMIF($BD$2:$BD$42,BQ34,$BB$2:$BB$41) -> 0 | BS34: =BR34*24 -> 0 | BU34: =BM34 -> 137 | BV34: =BO34+BS34 -> 0
B35: 9:30 - 10:00 | C35: 9:50 - 10:20 | D35: 9:50 - 10:25 | E35: 10:35 - 11:47 | F35: 11:20 - 14:48 | K35: 0.38541667 | M35: 0.41666667 | N35: =IF(M35<>"",M35-K35,"") -> 0.03125 | O35: 114 | R35: 0.39930556 | T35: 0.43055556 | U35: =IF(T35<>"",T35-R35,"") -> 0.03125 | V35: 147 | Y35: 0.39930556 | AA35: 0.43402778 | AB35: =IF(AA35<>"",AA35-Y35,"") -> 0.034722222 | AC35: 211 | AF35: 0.43055556 | AH35: 0.49097222 | AI35: =IF(AH35<>"",AH35-AF35,"") -> 0.060416667 | AJ35: 178 | AK35: IES2 | AL35: 0.46180556 | AN35: 0.52083333 | AO35: =IF(AN35<>"",AN35-AL35,"") -> 0.059027778 | AP35: IEC3 | AQ35: IES2 | AV35: =IF(AU35<>"",AU35-AS35,"") | BB35: =IF(BA35<>"",BA35-AY35,"") | BE35: 49 | BG35: 73 | BH35: 91 | BM35: 138 | BN35: =SUMIF($O$2:$O$41,BM35,$N$2:$N$41)+SUMIF($V$2:$V$41,BM35,$U$2:$U$41)+SUMIF($AC$2:$AC$41,BM35,$AB$2:$AB$41)+SUMIF($AJ$2:$AJ$41,BM35,$AI$2:$AI$41)+SUMIF($AP$2:$AP$41,BM35,$AO$2:$AO$41)+SUMIF($AW$2:$AW$41,BM35,$AV$2:$AV$41)+SUMIF($BC$2:$BC$41,BM35,$BB$2:$BB$41) -> 0.20069444 | BO35: =BN35*24 -> 4.8166667 | BQ35: =BM35 -> 138 | BR35: =SUMIF($P$2:$P$42,BQ35,$N$2:$N$41)+SUMIF($W$2:$W$42,BQ35,$U$2:$U$41)+SUMIF($AD$2:$AD$42,BQ35,$AB$2:$AB$41)+SUMIF($AK$2:$AK$42,BQ35,$AI$2:$AI$41)+SUMIF($AQ$2:$AQ$42,BQ35,$AO$2:$AO$41)+SUMIF($AX$2:$AX$42,BQ35,$AV$2:$AV$41)+SUMIF($BD$2:$BD$42,BQ35,$BB$2:$BB$41) -> 0 | BS35: =BR35*24 -> 0 | BU35: =BM35 -> 138 | BV35: =BO35+BS35 -> 4.8166667
N36: =IF(M36<>"",M36-K36,"") | U36: =IF(T36<>"",T36-R36,"") | AB36: =IF(AA36<>"",AA36-Y36,"") | AI36: =IF(AH36<>"",AH36-AF36,"") | AL36: 0.52083333 | AN36: 0.61666667 | AO36: =IF(AN36<>"",AN36-AL36,"") -> 0.095833333 | AP36: PTC | AV36: =IF(AU36<>"",AU36-AS36,"") | BB36: =IF(BA36<>"",BA36-AY36,"") | BE36: 49 | BF36: 216 | BG36: 73 | BH36: 91 | BM36: 140 | BN36: =SUMIF($O$2:$O$41,BM36,$N$2:$N$41)+SUMIF($V$2:$V$41,BM36,$U$2:$U$41)+SUMIF($AC$2:$AC$41,BM36,$AB$2:$AB$41)+SUMIF($AJ$2:$AJ$41,BM36,$AI$2:$AI$41)+SUMIF($AP$2:$AP$41,BM36,$AO$2:$AO$41)+SUMIF($AW$2:$AW$41,BM36,$AV$2:$AV$41)+SUMIF($BC$2:$BC$41,BM36,$BB$2:$BB$41) -> 0 | BO36: =BN36*24 -> 0 | BQ36: =BM36 -> 140 | BR36: =SUMIF($P$2:$P$42,BQ36,$N$2:$N$41)+SUMIF($W$2:$W$42,BQ36,$U$2:$U$41)+SUMIF($AD$2:$AD$42,BQ36,$AB$2:$AB$41)+SUMIF($AK$2:$AK$42,BQ36,$AI$2:$AI$41)+SUMIF($AQ$2:$AQ$42,BQ36,$AO$2:$AO$41)+SUMIF($AX$2:$AX$42,BQ36,$AV$2:$AV$41)+SUMIF($BD$2:$BD$42,BQ36,$BB$2:$BB$41) -> 0 | BS36: =BR36*24 -> 0 | BU36: =BM36 -> 140 | BV36: =BO36+BS36 -> 0
N37: =IF(M37<>"",M37-K37,"") | U37: =IF(T37<>"",T37-R37,"") | AB37: =IF(AA37<>"",AA37-Y37,"") | AI37: =IF(AH37<>"",AH37-AF37,"") | AO37: =IF(AN37<>"",AN37-AL37,"") | AV37: =IF(AU37<>"",AU37-AS37,"") | BB37: =IF(BA37<>"",BA37-AY37,"") | BE37: 49 | BF37: 216 | BG37: 73 | BH37: 91 | BM37: 141 | BN37: =SUMIF($O$2:$O$41,BM37,$N$2:$N$41)+SUMIF($V$2:$V$41,BM37,$U$2:$U$41)+SUMIF($AC$2:$AC$41,BM37,$AB$2:$AB$41)+SUMIF($AJ$2:$AJ$41,BM37,$AI$2:$AI$41)+SUMIF($AP$2:$AP$41,BM37,$AO$2:$AO$41)+SUMIF($AW$2:$AW$41,BM37,$AV$2:$AV$41)+SUMIF($BC$2:$BC$41,BM37,$BB$2:$BB$41) -> 0 | BO37: =BN37*24 -> 0 | BQ37: =BM37 -> 141 | BR37: =SUMIF($P$2:$P$42,BQ37,$N$2:$N$41)+SUMIF($W$2:$W$42,BQ37,$U$2:$U$41)+SUMIF($AD$2:$AD$42,BQ37,$AB$2:$AB$41)+SUMIF($AK$2:$AK$42,BQ37,$AI$2:$AI$41)+SUMIF($AQ$2:$AQ$42,BQ37,$AO$2:$AO$41)+SUMIF($AX$2:$AX$42,BQ37,$AV$2:$AV$41)+SUMIF($BD$2:$BD$42,BQ37,$BB$2:$BB$41) -> 0 | BS37: =BR37*24 -> 0 | BU37: =BM37 -> 141 | BV37: =BO37+BS37 -> 0
A38: 24/6/2024 MON | B38: 8:15 - 9:27 | C38: 8:15 - 9:27 | D38: 8:15 - 9:27 | F38: 8:15 - 11:00 | J38: 24/6/2024 MON | K38: 0.32638889 | M38: 0.39375 | N38: =IF(M38<>"",M38-K38,"") -> 0.067361111 | O38: 203 | R38: 0.33333333 | T38: 0.39375 | U38: =IF(T38<>"",T38-R38,"") -> 0.060416667 | V38: 218 | Y38: 0.33333333 | AA38: 0.39375 | AB38: =IF(AA38<>"",AA38-Y38,"") -> 0.060416667 | AC38: 49 | AI38: =IF(AH38<>"",AH38-AF38,"") | AL38: 0.33333333 | AN38: 0.45833333 | AO38: =IF(AN38<>"",AN38-AL38,"") -> 0.125 | AP38: 91 | AQ38: TAP | AV38: =IF(AU38<>"",AU38-AS38,"") | BB38: =IF(BA38<>"",BA38-AY38,"") | BM38: 147 | BN38: =SUMIF($O$2:$O$41,BM38,$N$2:$N$41)+SUMIF($V$2:$V$41,BM38,$U$2:$U$41)+SUMIF($AC$2:$AC$41,BM38,$AB$2:$AB$41)+SUMIF($AJ$2:$AJ$41,BM38,$AI$2:$AI$41)+SUMIF($AP$2:$AP$41,BM38,$AO$2:$AO$41)+SUMIF($AW$2:$AW$41,BM38,$AV$2:$AV$41)+SUMIF($BC$2:$BC$41,BM38,$BB$2:$BB$41) -> 0.091666667 | BO38: =BN38*24 -> 2.2 | BQ38: =BM38 -> 147 | BR38: =SUMIF($P$2:$P$42,BQ38,$N$2:$N$41)+SUMIF($W$2:$W$42,BQ38,$U$2:$U$41)+SUMIF($AD$2:$AD$42,BQ38,$AB$2:$AB$41)+SUMIF($AK$2:$AK$42,BQ38,$AI$2:$AI$41)+SUMIF($AQ$2:$AQ$42,BQ38,$AO$2:$AO$41)+SUMIF($AX$2:$AX$42,BQ38,$AV$2:$AV$41)+SUMIF($BD$2:$BD$42,BQ38,$BB$2:$BB$41) -> 0.060416667 | BS38: =BR38*24 -> 1.45 | BU38: =BM38 -> 147 | BV38: =BO38+BS38 -> 3.65
C39: 10:00 - 11:12 | D39: 10:00 - 10:30 | F39: 11:30 - 12:45 | N39: =IF(M39<>"",M39-K39,"") | R39: 0.40625 | T39: 0.46666667 | U39: =IF(T39<>"",T39-R39,"") -> 0.060416667 | V39: 218 | Y39: 0.40625 | AA39: 0.4375 | AB39: =IF(AA39<>"",AA39-Y39,"") -> 0.03125 | AC39: 37 | AI39: =IF(AH39<>"",AH39-AF39,"") | AL39: 0.46875 | AN39: 0.53125 | AO39: =IF(AN39<>"",AN39-AL39,"") -> 0.0625 | AP39: 114 | AQ39: IES2 | AV39: =IF(AU39<>"",AU39-AS39,"") | BB39: =IF(BA39<>"",BA39-AY39,"") | BM39: 152 | BN39: =SUMIF($O$2:$O$41,BM39,$N$2:$N$41)+SUMIF($V$2:$V$41,BM39,$U$2:$U$41)+SUMIF($AC$2:$AC$41,BM39,$AB$2:$AB$41)+SUMIF($AJ$2:$AJ$41,BM39,$AI$2:$AI$41)+SUMIF($AP$2:$AP$41,BM39,$AO$2:$AO$41)+SUMIF($AW$2:$AW$41,BM39,$AV$2:$AV$41)+SUMIF($BC$2:$BC$41,BM39,$BB$2:$BB$41) -> 0 | BO39: =BN39*24 -> 0 | BQ39: =BM39 -> 152 | BR39: =SUMIF($P$2:$P$42,BQ39,$N$2:$N$41)+SUMIF($W$2:$W$42,BQ39,$U$2:$U$41)+SUMIF($AD$2:$AD$42,BQ39,$AB$2:$AB$41)+SUMIF($AK$2:$AK$42,BQ39,$AI$2:$AI$41)+SUMIF($AQ$2:$AQ$42,BQ39,$AO$2:$AO$41)+SUMIF($AX$2:$AX$42,BQ39,$AV$2:$AV$41)+SUMIF($BD$2:$BD$42,BQ39,$BB$2:$BB$41) -> 0 | BS39: =BR39*24 -> 0 | BU39: =BM39 -> 152 | BV39: =BO39+BS39 -> 0
D40: 10:35 - 11:11 | N40: =IF(M40<>"",M40-K40,"") | U40: =IF(T40<>"",T40-R40,"") | Y40: 0.4375 | AA40: 0.46597222 | AB40: =IF(AA40<>"",AA40-Y40,"") -> 0.028472222 | AC40: 37 | AI40: =IF(AH40<>"",AH40-AF40,"") | AO40: =IF(AN40<>"",AN40-AL40,"") | AV40: =IF(AU40<>"",AU40-AS40,"") | BB40: =IF(BA40<>"",BA40-AY40,"") | BM40: 153 | BN40: =SUMIF($O$2:$O$41,BM40,$N$2:$N$41)+SUMIF($V$2:$V$41,BM40,$U$2:$U$41)+SUMIF($AC$2:$AC$41,BM40,$AB$2:$AB$41)+SUMIF($AJ$2:$AJ$41,BM40,$AI$2:$AI$41)+SUMIF($AP$2:$AP$41,BM40,$AO$2:$AO$41)+SUMIF($AW$2:$AW$41,BM40,$AV$2:$AV$41)+SUMIF($BC$2:$BC$41,BM40,$BB$2:$BB$41) -> 0.086805556 | BO40: =BN40*24 -> 2.0833333 | BQ40: =BM40 -> 153 | BR40: =SUMIF($P$2:$P$42,BQ40,$N$2:$N$41)+SUMIF($W$2:$W$42,BQ40,$U$2:$U$41)+SUMIF($AD$2:$AD$42,BQ40,$AB$2:$AB$41)+SUMIF($AK$2:$AK$42,BQ40,$AI$2:$AI$41)+SUMIF($AQ$2:$AQ$42,BQ40,$AO$2:$AO$41)+SUMIF($AX$2:$AX$42,BQ40,$AV$2:$AV$41)+SUMIF($BD$2:$BD$42,BQ40,$BB$2:$BB$41) -> 0 | BS40: =BR40*24 -> 0 | BU40: =BM40 -> 153 | BV40: =BO40+BS40 -> 2.0833333
N41: =IF(M41<>"",M41-K41,"") | U41: =IF(T41<>"",T41-R41,"") | AB41: =IF(AA41<>"",AA41-Y41,"") | AI41: =IF(AH41<>"",AH41-AF41,"") | AO41: =IF(AN41<>"",AN41-AL41,"") | AV41: =IF(AU41<>"",AU41-AS41,"") | BB41: =IF(BA41<>"",BA41-AY41,"") | BM41: 161 | BN41: =SUMIF($O$2:$O$41,BM41,$N$2:$N$41)+SUMIF($V$2:$V$41,BM41,$U$2:$U$41)+SUMIF($AC$2:$AC$41,BM41,$AB$2:$AB$41)+SUMIF($AJ$2:$AJ$41,BM41,$AI$2:$AI$41)+SUMIF($AP$2:$AP$41,BM41,$AO$2:$AO$41)+SUMIF($AW$2:$AW$41,BM41,$AV$2:$AV$41)+SUMIF($BC$2:$BC$41,BM41,$BB$2:$BB$41) -> 0.060416667 | BO41: =BN41*24 -> 1.45 | BQ41: =BM41 -> 161 | BR41: =SUMIF($P$2:$P$42,BQ41,$N$2:$N$41)+SUMIF($W$2:$W$42,BQ41,$U$2:$U$41)+SUMIF($AD$2:$AD$42,BQ41,$AB$2:$AB$41)+SUMIF($AK$2:$AK$42,BQ41,$AI$2:$AI$41)+SUMIF($AQ$2:$AQ$42,BQ41,$AO$2:$AO$41)+SUMIF($AX$2:$AX$42,BQ41,$AV$2:$AV$41)+SUMIF($BD$2:$BD$42,BQ41,$BB$2:$BB$41) -> 0 | BS41: =BR41*24 -> 0 | BU41: =BM41 -> 161 | BV41: =BO41+BS41 -> 1.45
BM42: 178 | BN42: =SUMIF($O$2:$O$41,BM42,$N$2:$N$41)+SUMIF($V$2:$V$41,BM42,$U$2:$U$41)+SUMIF($AC$2:$AC$41,BM42,$AB$2:$AB$41)+SUMIF($AJ$2:$AJ$41,BM42,$AI$2:$AI$41)+SUMIF($AP$2:$AP$41,BM42,$AO$2:$AO$41)+SUMIF($AW$2:$AW$41,BM42,$AV$2:$AV$41)+SUMIF($BC$2:$BC$41,BM42,$BB$2:$BB$41) -> 0.15277778 | BO42: =BN42*24 -> 3.6666667 | BQ42: =BM42 -> 178 | BR42: =SUMIF($P$2:$P$42,BQ42,$N$2:$N$41)+SUMIF($W$2:$W$42,BQ42,$U$2:$U$41)+SUMIF($AD$2:$AD$42,BQ42,$AB$2:$AB$41)+SUMIF($AK$2:$AK$42,BQ42,$AI$2:$AI$41)+SUMIF($AQ$2:$AQ$42,BQ42,$AO$2:$AO$41)+SUMIF($AX$2:$AX$42,BQ42,$AV$2:$AV$41)+SUMIF($BD$2:$BD$42,BQ42,$BB$2:$BB$41) -> 0 | BS42: =BR42*24 -> 0 | BU42: =BM42 -> 178 | BV42: =BO42+BS42 -> 3.6666667
N43: 18.2 | U43: 17.25 | AB43: 30.25 | AI43: 26.48 | AO43: 45.02 | AV43: 6 | BB43: 3 | BM43: 181 | BN43: =SUMIF($O$2:$O$41,BM43,$N$2:$N$41)+SUMIF($V$2:$V$41,BM43,$U$2:$U$41)+SUMIF($AC$2:$AC$41,BM43,$AB$2:$AB$41)+SUMIF($AJ$2:$AJ$41,BM43,$AI$2:$AI$41)+SUMIF($AP$2:$AP$41,BM43,$AO$2:$AO$41)+SUMIF($AW$2:$AW$41,BM43,$AV$2:$AV$41)+SUMIF($BC$2:$BC$41,BM43,$BB$2:$BB$41) -> 0 | BO43: =BN43*24 -> 0 | BQ43: =BM43 -> 181 | BR43: =SUMIF($P$2:$P$42,BQ43,$N$2:$N$41)+SUMIF($W$2:$W$42,BQ43,$U$2:$U$41)+SUMIF($AD$2:$AD$42,BQ43,$AB$2:$AB$41)+SUMIF($AK$2:$AK$42,BQ43,$AI$2:$AI$41)+SUMIF($AQ$2:$AQ$42,BQ43,$AO$2:$AO$41)+SUMIF($AX$2:$AX$42,BQ43,$AV$2:$AV$41)+SUMIF($BD$2:$BD$42,BQ43,$BB$2:$BB$41) -> 0 | BS43: =BR43*24 -> 0 | BU43: =BM43 -> 181 | BV43: =BO43+BS43 -> 0
BM44: 186 | BN44: =SUMIF($O$2:$O$41,BM44,$N$2:$N$41)+SUMIF($V$2:$V$41,BM44,$U$2:$U$41)+SUMIF($AC$2:$AC$41,BM44,$AB$2:$AB$41)+SUMIF($AJ$2:$AJ$41,BM44,$AI$2:$AI$41)+SUMIF($AP$2:$AP$41,BM44,$AO$2:$AO$41)+SUMIF($AW$2:$AW$41,BM44,$AV$2:$AV$41)+SUMIF($BC$2:$BC$41,BM44,$BB$2:$BB$41) -> 0 | BO44: =BN44*24 -> 0 | BQ44: =BM44 -> 186 | BR44: =SUMIF($P$2:$P$42,BQ44,$N$2:$N$41)+SUMIF($W$2:$W$42,BQ44,$U$2:$U$41)+SUMIF($AD$2:$AD$42,BQ44,$AB$2:$AB$41)+SUMIF($AK$2:$AK$42,BQ44,$AI$2:$AI$41)+SUMIF($AQ$2:$AQ$42,BQ44,$AO$2:$AO$41)+SUMIF($AX$2:$AX$42,BQ44,$AV$2:$AV$41)+SUMIF($BD$2:$BD$42,BQ44,$BB$2:$BB$41) -> 0 | BS44: =BR44*24 -> 0 | BU44: =BM44 -> 186 | BV44: =BO44+BS44 -> 0
M45: TOTAL | N45: 146.2 | BM45: 190 | BN45: =SUMIF($O$2:$O$41,BM45,$N$2:$N$41)+SUMIF($V$2:$V$41,BM45,$U$2:$U$41)+SUMIF($AC$2:$AC$41,BM45,$AB$2:$AB$41)+SUMIF($AJ$2:$AJ$41,BM45,$AI$2:$AI$41)+SUMIF($AP$2:$AP$41,BM45,$AO$2:$AO$41)+SUMIF($AW$2:$AW$41,BM45,$AV$2:$AV$41)+SUMIF($BC$2:$BC$41,BM45,$BB$2:$BB$41) -> 0 | BO45: =BN45*24 -> 0 | BQ45: =BM45 -> 190 | BR45: =SUMIF($P$2:$P$42,BQ45,$N$2:$N$41)+SUMIF($W$2:$W$42,BQ45,$U$2:$U$41)+SUMIF($AD$2:$AD$42,BQ45,$AB$2:$AB$41)+SUMIF($AK$2:$AK$42,BQ45,$AI$2:$AI$41)+SUMIF($AQ$2:$AQ$42,BQ45,$AO$2:$AO$41)+SUMIF($AX$2:$AX$42,BQ45,$AV$2:$AV$41)+SUMIF($BD$2:$BD$42,BQ45,$BB$2:$BB$41) -> 0 | BS45: =BR45*24 -> 0 | BU45: =BM45 -> 190 | BV45: =BO45+BS45 -> 0
BM46: 196 | BN46: =SUMIF($O$2:$O$41,BM46,$N$2:$N$41)+SUMIF($V$2:$V$41,BM46,$U$2:$U$41)+SUMIF($AC$2:$AC$41,BM46,$AB$2:$AB$41)+SUMIF($AJ$2:$AJ$41,BM46,$AI$2:$AI$41)+SUMIF($AP$2:$AP$41,BM46,$AO$2:$AO$41)+SUMIF($AW$2:$AW$41,BM46,$AV$2:$AV$41)+SUMIF($BC$2:$BC$41,BM46,$BB$2:$BB$41) -> 0 | BO46: =BN46*24 -> 0 | BQ46: =BM46 -> 196 | BR46: =SUMIF($P$2:$P$42,BQ46,$N$2:$N$41)+SUMIF($W$2:$W$42,BQ46,$U$2:$U$41)+SUMIF($AD$2:$AD$42,BQ46,$AB$2:$AB$41)+SUMIF($AK$2:$AK$42,BQ46,$AI$2:$AI$41)+SUMIF($AQ$2:$AQ$42,BQ46,$AO$2:$AO$41)+SUMIF($AX$2:$AX$42,BQ46,$AV$2:$AV$41)+SUMIF($BD$2:$BD$42,BQ46,$BB$2:$BB$41) -> 0 | BS46: =BR46*24 -> 0 | BU46: =BM46 -> 196 | BV46: =BO46+BS46 -> 0
BM47: 197 | BN47: =SUMIF($O$2:$O$41,BM47,$N$2:$N$41)+SUMIF($V$2:$V$41,BM47,$U$2:$U$41)+SUMIF($AC$2:$AC$41,BM47,$AB$2:$AB$41)+SUMIF($AJ$2:$AJ$41,BM47,$AI$2:$AI$41)+SUMIF($AP$2:$AP$41,BM47,$AO$2:$AO$41)+SUMIF($AW$2:$AW$41,BM47,$AV$2:$AV$41)+SUMIF($BC$2:$BC$41,BM47,$BB$2:$BB$41) -> 0 | BO47: =BN47*24 -> 0 | BQ47: =BM47 -> 197 | BR47: =SUMIF($P$2:$P$42,BQ47,$N$2:$N$41)+SUMIF($W$2:$W$42,BQ47,$U$2:$U$41)+SUMIF($AD$2:$AD$42,BQ47,$AB$2:$AB$41)+SUMIF($AK$2:$AK$42,BQ47,$AI$2:$AI$41)+SUMIF($AQ$2:$AQ$42,BQ47,$AO$2:$AO$41)+SUMIF($AX$2:$AX$42,BQ47,$AV$2:$AV$41)+SUMIF($BD$2:$BD$42,BQ47,$BB$2:$BB$41) -> 0 | BS47: =BR47*24 -> 0 | BU47: =BM47 -> 197 | BV47: =BO47+BS47 -> 0
BM48: 198 | BN48: =SUMIF($O$2:$O$41,BM48,$N$2:$N$41)+SUMIF($V$2:$V$41,BM48,$U$2:$U$41)+SUMIF($AC$2:$AC$41,BM48,$AB$2:$AB$41)+SUMIF($AJ$2:$AJ$41,BM48,$AI$2:$AI$41)+SUMIF($AP$2:$AP$41,BM48,$AO$2:$AO$41)+SUMIF($AW$2:$AW$41,BM48,$AV$2:$AV$41)+SUMIF($BC$2:$BC$41,BM48,$BB$2:$BB$41) -> 0.16041667 | BO48: =BN48*24 -> 3.85 | BQ48: =BM48 -> 198 | BR48: =SUMIF($P$2:$P$42,BQ48,$N$2:$N$41)+SUMIF($W$2:$W$42,BQ48,$U$2:$U$41)+SUMIF($AD$2:$AD$42,BQ48,$AB$2:$AB$41)+SUMIF($AK$2:$AK$42,BQ48,$AI$2:$AI$41)+SUMIF($AQ$2:$AQ$42,BQ48,$AO$2:$AO$41)+SUMIF($AX$2:$AX$42,BQ48,$AV$2:$AV$41)+SUMIF($BD$2:$BD$42,BQ48,$BB$2:$BB$41) -> 0.092361111 | BS48: =BR48*24 -> 2.2166667 | BU48: =BM48 -> 198 | BV48: =BO48+BS48 -> 6.0666667
BM49: 201 | BN49: =SUMIF($O$2:$O$41,BM49,$N$2:$N$41)+SUMIF($V$2:$V$41,BM49,$U$2:$U$41)+SUMIF($AC$2:$AC$41,BM49,$AB$2:$AB$41)+SUMIF($AJ$2:$AJ$41,BM49,$AI$2:$AI$41)+SUMIF($AP$2:$AP$41,BM49,$AO$2:$AO$41)+SUMIF($AW$2:$AW$41,BM49,$AV$2:$AV$41)+SUMIF($BC$2:$BC$41,BM49,$BB$2:$BB$41) -> 0.060416667 | BO49: =BN49*24 -> 1.45 | BQ49: =BM49 -> 201 | BR49: =SUMIF($P$2:$P$42,BQ49,$N$2:$N$41)+SUMIF($W$2:$W$42,BQ49,$U$2:$U$41)+SUMIF($AD$2:$AD$42,BQ49,$AB$2:$AB$41)+SUMIF($AK$2:$AK$42,BQ49,$AI$2:$AI$41)+SUMIF($AQ$2:$AQ$42,BQ49,$AO$2:$AO$41)+SUMIF($AX$2:$AX$42,BQ49,$AV$2:$AV$41)+SUMIF($BD$2:$BD$42,BQ49,$BB$2:$BB$41) -> 0 | BS49: =BR49*24 -> 0 | BU49: =BM49 -> 201 | BV49: =BO49+BS49 -> 1.45
BM50: 202 | BN50: =SUMIF($O$2:$O$41,BM50,$N$2:$N$41)+SUMIF($V$2:$V$41,BM50,$U$2:$U$41)+SUMIF($AC$2:$AC$41,BM50,$AB$2:$AB$41)+SUMIF($AJ$2:$AJ$41,BM50,$AI$2:$AI$41)+SUMIF($AP$2:$AP$41,BM50,$AO$2:$AO$41)+SUMIF($AW$2:$AW$41,BM50,$AV$2:$AV$41)+SUMIF($BC$2:$BC$41,BM50,$BB$2:$BB$41) -> 0.15486111 | BO50: =BN50*24 -> 3.7166667 | BQ50: =BM50 -> 202 | BR50: =SUMIF($P$2:$P$42,BQ50,$N$2:$N$41)+SUMIF($W$2:$W$42,BQ50,$U$2:$U$41)+SUMIF($AD$2:$AD$42,BQ50,$AB$2:$AB$41)+SUMIF($AK$2:$AK$42,BQ50,$AI$2:$AI$41)+SUMIF($AQ$2:$AQ$42,BQ50,$AO$2:$AO$41)+SUMIF($AX$2:$AX$42,BQ50,$AV$2:$AV$41)+SUMIF($BD$2:$BD$42,BQ50,$BB$2:$BB$41) -> 0 | BS50: =BR50*24 -> 0 | BU50: =BM50 -> 202 | BV50: =BO50+BS50 -> 3.7166667
BM51: 203 | BN51: =SUMIF($O$2:$O$41,BM51,$N$2:$N$41)+SUMIF($V$2:$V$41,BM51,$U$2:$U$41)+SUMIF($AC$2:$AC$41,BM51,$AB$2:$AB$41)+SUMIF($AJ$2:$AJ$41,BM51,$AI$2:$AI$41)+SUMIF($AP$2:$AP$41,BM51,$AO$2:$AO$41)+SUMIF($AW$2:$AW$41,BM51,$AV$2:$AV$41)+SUMIF($BC$2:$BC$41,BM51,$BB$2:$BB$41) -> 0.54375 | BO51: =BN51*24 -> 13.05 | BQ51: =BM51 -> 203 | BR51: =SUMIF($P$2:$P$42,BQ51,$N$2:$N$41)+SUMIF($W$2:$W$42,BQ51,$U$2:$U$41)+SUMIF($AD$2:$AD$42,BQ51,$AB$2:$AB$41)+SUMIF($AK$2:$AK$42,BQ51,$AI$2:$AI$41)+SUMIF($AQ$2:$AQ$42,BQ51,$AO$2:$AO$41)+SUMIF($AX$2:$AX$42,BQ51,$AV$2:$AV$41)+SUMIF($BD$2:$BD$42,BQ51,$BB$2:$BB$41) -> 0 | BS51: =BR51*24 -> 0 | BU51: =BM51 -> 203 | BV51: =BO51+BS51 -> 13.05
BM52: 204 | BN52: =SUMIF($O$2:$O$41,BM52,$N$2:$N$41)+SUMIF($V$2:$V$41,BM52,$U$2:$U$41)+SUMIF($AC$2:$AC$41,BM52,$AB$2:$AB$41)+SUMIF($AJ$2:$AJ$41,BM52,$AI$2:$AI$41)+SUMIF($AP$2:$AP$41,BM52,$AO$2:$AO$41)+SUMIF($AW$2:$AW$41,BM52,$AV$2:$AV$41)+SUMIF($BC$2:$BC$41,BM52,$BB$2:$BB$41) -> 0 | BO52: =BN52*24 -> 0 | BQ52: =BM52 -> 204 | BR52: =SUMIF($P$2:$P$42,BQ52,$N$2:$N$41)+SUMIF($W$2:$W$42,BQ52,$U$2:$U$41)+SUMIF($AD$2:$AD$42,BQ52,$AB$2:$AB$41)+SUMIF($AK$2:$AK$42,BQ52,$AI$2:$AI$41)+SUMIF($AQ$2:$AQ$42,BQ52,$AO$2:$AO$41)+SUMIF($AX$2:$AX$42,BQ52,$AV$2:$AV$41)+SUMIF($BD$2:$BD$42,BQ52,$BB$2:$BB$41) -> 0 | BS52: =BR52*24 -> 0 | BU52: =BM52 -> 204 | BV52: =BO52+BS52 -> 0
BM53: 205 | BN53: =SUMIF($O$2:$O$41,BM53,$N$2:$N$41)+SUMIF($V$2:$V$41,BM53,$U$2:$U$41)+SUMIF($AC$2:$AC$41,BM53,$AB$2:$AB$41)+SUMIF($AJ$2:$AJ$41,BM53,$AI$2:$AI$41)+SUMIF($AP$2:$AP$41,BM53,$AO$2:$AO$41)+SUMIF($AW$2:$AW$41,BM53,$AV$2:$AV$41)+SUMIF($BC$2:$BC$41,BM53,$BB$2:$BB$41) -> 0 | BO53: =BN53*24 -> 0 | BQ53: =BM53 -> 205 | BR53: =SUMIF($P$2:$P$42,BQ53,$N$2:$N$41)+SUMIF($W$2:$W$42,BQ53,$U$2:$U$41)+SUMIF($AD$2:$AD$42,BQ53,$AB$2:$AB$41)+SUMIF($AK$2:$AK$42,BQ53,$AI$2:$AI$41)+SUMIF($AQ$2:$AQ$42,BQ53,$AO$2:$AO$41)+SUMIF($AX$2:$AX$42,BQ53,$AV$2:$AV$41)+SUMIF($BD$2:$BD$42,BQ53,$BB$2:$BB$41) -> 0 | BS53: =BR53*24 -> 0 | BU53: =BM53 -> 205 | BV53: =BO53+BS53 -> 0
BM54: 206 | BN54: =SUMIF($O$2:$O$41,BM54,$N$2:$N$41)+SUMIF($V$2:$V$41,BM54,$U$2:$U$41)+SUMIF($AC$2:$AC$41,BM54,$AB$2:$AB$41)+SUMIF($AJ$2:$AJ$41,BM54,$AI$2:$AI$41)+SUMIF($AP$2:$AP$41,BM54,$AO$2:$AO$41)+SUMIF($AW$2:$AW$41,BM54,$AV$2:$AV$41)+SUMIF($BC$2:$BC$41,BM54,$BB$2:$BB$41) -> 0 | BO54: =BN54*24 -> 0 | BQ54: =BM54 -> 206 | BR54: =SUMIF($P$2:$P$42,BQ54,$N$2:$N$41)+SUMIF($W$2:$W$42,BQ54,$U$2:$U$41)+SUMIF($AD$2:$AD$42,BQ54,$AB$2:$AB$41)+SUMIF($AK$2:$AK$42,BQ54,$AI$2:$AI$41)+SUMIF($AQ$2:$AQ$42,BQ54,$AO$2:$AO$41)+SUMIF($AX$2:$AX$42,BQ54,$AV$2:$AV$41)+SUMIF($BD$2:$BD$42,BQ54,$BB$2:$BB$41) -> 0 | BS54: =BR54*24 -> 0 | BU54: =BM54 -> 206 | BV54: =BO54+BS54 -> 0
BM55: 207 | BN55: =SUMIF($O$2:$O$41,BM55,$N$2:$N$41)+SUMIF($V$2:$V$41,BM55,$U$2:$U$41)+SUMIF($AC$2:$AC$41,BM55,$AB$2:$AB$41)+SUMIF($AJ$2:$AJ$41,BM55,$AI$2:$AI$41)+SUMIF($AP$2:$AP$41,BM55,$AO$2:$AO$41)+SUMIF($AW$2:$AW$41,BM55,$AV$2:$AV$41)+SUMIF($BC$2:$BC$41,BM55,$BB$2:$BB$41) -> 0 | BO55: =BN55*24 -> 0 | BQ55: =BM55 -> 207 | BR55: =SUMIF($P$2:$P$42,BQ55,$N$2:$N$41)+SUMIF($W$2:$W$42,BQ55,$U$2:$U$41)+SUMIF($AD$2:$AD$42,BQ55,$AB$2:$AB$41)+SUMIF($AK$2:$AK$42,BQ55,$AI$2:$AI$41)+SUMIF($AQ$2:$AQ$42,BQ55,$AO$2:$AO$41)+SUMIF($AX$2:$AX$42,BQ55,$AV$2:$AV$41)+SUMIF($BD$2:$BD$42,BQ55,$BB$2:$BB$41) -> 0 | BS55: =BR55*24 -> 0 | BU55: =BM55 -> 207 | BV55: =BO55+BS55 -> 0
BM56: 208 | BN56: =SUMIF($O$2:$O$41,BM56,$N$2:$N$41)+SUMIF($V$2:$V$41,BM56,$U$2:$U$41)+SUMIF($AC$2:$AC$41,BM56,$AB$2:$AB$41)+SUMIF($AJ$2:$AJ$41,BM56,$AI$2:$AI$41)+SUMIF($AP$2:$AP$41,BM56,$AO$2:$AO$41)+SUMIF($AW$2:$AW$41,BM56,$AV$2:$AV$41)+SUMIF($BC$2:$BC$41,BM56,$BB$2:$BB$41) -> 0.18472222 | BO56: =BN56*24 -> 4.4333333 | BQ56: =BM56 -> 208 | BR56: =SUMIF($P$2:$P$42,BQ56,$N$2:$N$41)+SUMIF($W$2:$W$42,BQ56,$U$2:$U$41)+SUMIF($AD$2:$AD$42,BQ56,$AB$2:$AB$41)+SUMIF($AK$2:$AK$42,BQ56,$AI$2:$AI$41)+SUMIF($AQ$2:$AQ$42,BQ56,$AO$2:$AO$41)+SUMIF($AX$2:$AX$42,BQ56,$AV$2:$AV$41)+SUMIF($BD$2:$BD$42,BQ56,$BB$2:$BB$41) -> 0 | BS56: =BR56*24 -> 0 | BU56: =BM56 -> 208 | BV56: =BO56+BS56 -> 4.4333333
BM57: 209 | BN57: =SUMIF($O$2:$O$41,BM57,$N$2:$N$41)+SUMIF($V$2:$V$41,BM57,$U$2:$U$41)+SUMIF($AC$2:$AC$41,BM57,$AB$2:$AB$41)+SUMIF($AJ$2:$AJ$41,BM57,$AI$2:$AI$41)+SUMIF($AP$2:$AP$41,BM57,$AO$2:$AO$41)+SUMIF($AW$2:$AW$41,BM57,$AV$2:$AV$41)+SUMIF($BC$2:$BC$41,BM57,$BB$2:$BB$41) -> 0 | BO57: =BN57*24 -> 0 | BQ57: =BM57 -> 209 | BR57: =SUMIF($P$2:$P$42,BQ57,$N$2:$N$41)+SUMIF($W$2:$W$42,BQ57,$U$2:$U$41)+SUMIF($AD$2:$AD$42,BQ57,$AB$2:$AB$41)+SUMIF($AK$2:$AK$42,BQ57,$AI$2:$AI$41)+SUMIF($AQ$2:$AQ$42,BQ57,$AO$2:$AO$41)+SUMIF($AX$2:$AX$42,BQ57,$AV$2:$AV$41)+SUMIF($BD$2:$BD$42,BQ57,$BB$2:$BB$41) -> 0 | BS57: =BR57*24 -> 0 | BU57: =BM57 -> 209 | BV57: =BO57+BS57 -> 0
... BM62: 216 | BN62: =SUMIF($O$2:$O$41,BM62,$N$2:$N$41)+SUMIF($V$2:$V$41,BM62,$U$2:$U$41)+SUMIF($AC$2:$AC$41,BM62,$AB$2:$AB$41)+SUMIF($AJ$2:$AJ$41,BM62,$AI$2:$AI$41)+SUMIF($AP$2:$AP$41,BM62,$AO$2:$AO$41)+SUMIF($AW$2:$AW$41,BM62,$AV$2:$AV$41)+SUMIF($BC$2:$BC$41,BM62,$BB$2:$BB$41) -> 0 | BO62: =BN62*24 -> 0 | BQ62: =BM62 -> 216 | BR62: =SUMIF($P$2:$P$42,BQ62,$N$2:$N$41)+SUMIF($W$2:$W$42,BQ62,$U$2:$U$41)+SUMIF($AD$2:$AD$42,BQ62,$AB$2:$AB$41)+SUMIF($AK$2:$AK$42,BQ62,$AI$2:$AI$41)+SUMIF($AQ$2:$AQ$42,BQ62,$AO$2:$AO$41)+SUMIF($AX$2:$AX$42,BQ62,$AV$2:$AV$41)+SUMIF($BD$2:$BD$42,BQ62,$BB$2:$BB$41) -> 0 | BS62: =BR62*24 -> 0 | BU62: =BM62 -> 216 | BV62: =BO62+BS62 -> 0
BM63: 217 | BN63: =SUMIF($O$2:$O$41,BM63,$N$2:$N$41)+SUMIF($V$2:$V$41,BM63,$U$2:$U$41)+SUMIF($AC$2:$AC$41,BM63,$AB$2:$AB$41)+SUMIF($AJ$2:$AJ$41,BM63,$AI$2:$AI$41)+SUMIF($AP$2:$AP$41,BM63,$AO$2:$AO$41)+SUMIF($AW$2:$AW$41,BM63,$AV$2:$AV$41)+SUMIF($BC$2:$BC$41,BM63,$BB$2:$BB$41) -> 0 | BO63: =BN63*24 -> 0 | BQ63: =BM63 -> 217 | BR63: =SUMIF($P$2:$P$42,BQ63,$N$2:$N$41)+SUMIF($W$2:$W$42,BQ63,$U$2:$U$41)+SUMIF($AD$2:$AD$42,BQ63,$AB$2:$AB$41)+SUMIF($AK$2:$AK$42,BQ63,$AI$2:$AI$41)+SUMIF($AQ$2:$AQ$42,BQ63,$AO$2:$AO$41)+SUMIF($AX$2:$AX$42,BQ63,$AV$2:$AV$41)+SUMIF($BD$2:$BD$42,BQ63,$BB$2:$BB$41) -> 0 | BS63: =BR63*24 -> 0 | BU63: =BM63 -> 217 | BV63: =BO63+BS63 -> 0 | BW63: 217
BM64: 218 | BN64: =SUMIF($O$2:$O$41,BM64,$N$2:$N$41)+SUMIF($V$2:$V$41,BM64,$U$2:$U$41)+SUMIF($AC$2:$AC$41,BM64,$AB$2:$AB$41)+SUMIF($AJ$2:$AJ$41,BM64,$AI$2:$AI$41)+SUMIF($AP$2:$AP$41,BM64,$AO$2:$AO$41)+SUMIF($AW$2:$AW$41,BM64,$AV$2:$AV$41)+SUMIF($BC$2:$BC$41,BM64,$BB$2:$BB$41) -> 0.675 | BO64: =BN64*24 -> 16.2 | BQ64: =BM64 -> 218 | BR64: =SUMIF($P$2:$P$42,BQ64,$N$2:$N$41)+SUMIF($W$2:$W$42,BQ64,$U$2:$U$41)+SUMIF($AD$2:$AD$42,BQ64,$AB$2:$AB$41)+SUMIF($AK$2:$AK$42,BQ64,$AI$2:$AI$41)+SUMIF($AQ$2:$AQ$42,BQ64,$AO$2:$AO$41)+SUMIF($AX$2:$AX$42,BQ64,$AV$2:$AV$41)+SUMIF($BD$2:$BD$42,BQ64,$BB$2:$BB$41) -> 0 | BS64: =BR64*24 -> 0 | BU64: =BM64 -> 218 | BV64: =BO64+BS64 -> 16.2 | BW64: 218
BM65: 220 | BN65: =SUMIF($O$2:$O$41,BM65,$N$2:$N$41)+SUMIF($V$2:$V$41,BM65,$U$2:$U$41)+SUMIF($AC$2:$AC$41,BM65,$AB$2:$AB$41)+SUMIF($AJ$2:$AJ$41,BM65,$AI$2:$AI$41)+SUMIF($AP$2:$AP$41,BM65,$AO$2:$AO$41)+SUMIF($AW$2:$AW$41,BM65,$AV$2:$AV$41)+SUMIF($BC$2:$BC$41,BM65,$BB$2:$BB$41) -> 0 | BO65: =BN65*24 -> 0 | BQ65: =BM65 -> 220 | BR65: =SUMIF($P$2:$P$42,BQ65,$N$2:$N$41)+SUMIF($W$2:$W$42,BQ65,$U$2:$U$41)+SUMIF($AD$2:$AD$42,BQ65,$AB$2:$AB$41)+SUMIF($AK$2:$AK$42,BQ65,$AI$2:$AI$41)+SUMIF($AQ$2:$AQ$42,BQ65,$AO$2:$AO$41)+SUMIF($AX$2:$AX$42,BQ65,$AV$2:$AV$41)+SUMIF($BD$2:$BD$42,BQ65,$BB$2:$BB$41) -> 0 | BS65: =BR65*24 -> 0 | BU65: =BM65 -> 220 | BV65: =BO65+BS65 -> 0 | BW65: 220
BM66: 221 | BN66: =SUMIF($O$2:$O$41,BM66,$N$2:$N$41)+SUMIF($V$2:$V$41,BM66,$U$2:$U$41)+SUMIF($AC$2:$AC$41,BM66,$AB$2:$AB$41)+SUMIF($AJ$2:$AJ$41,BM66,$AI$2:$AI$41)+SUMIF($AP$2:$AP$41,BM66,$AO$2:$AO$41)+SUMIF($AW$2:$AW$41,BM66,$AV$2:$AV$41)+SUMIF($BC$2:$BC$41,BM66,$BB$2:$BB$41) -> 0 | BO66: =BN66*24 -> 0 | BQ66: =BM66 -> 221 | BR66: =SUMIF($P$2:$P$42,BQ66,$N$2:$N$41)+SUMIF($W$2:$W$42,BQ66,$U$2:$U$41)+SUMIF($AD$2:$AD$42,BQ66,$AB$2:$AB$41)+SUMIF($AK$2:$AK$42,BQ66,$AI$2:$AI$41)+SUMIF($AQ$2:$AQ$42,BQ66,$AO$2:$AO$41)+SUMIF($AX$2:$AX$42,BQ66,$AV$2:$AV$41)+SUMIF($BD$2:$BD$42,BQ66,$BB$2:$BB$41) -> 0 | BS66: =BR66*24 -> 0 | BU66: =BM66 -> 221 | BV66: =BO66+BS66 -> 0 | BW66: 221
BM67: TAP | BN67: =SUMIF($O$2:$O$41,BM67,$N$2:$N$41)+SUMIF($V$2:$V$41,BM67,$U$2:$U$41)+SUMIF($AC$2:$AC$41,BM67,$AB$2:$AB$41)+SUMIF($AJ$2:$AJ$41,BM67,$AI$2:$AI$41)+SUMIF($AP$2:$AP$41,BM67,$AO$2:$AO$41)+SUMIF($AW$2:$AW$41,BM67,$AV$2:$AV$41)+SUMIF($BC$2:$BC$41,BM67,$BB$2:$BB$41) -> 0 | BO67: =BN67*24 -> 0 | BQ67: =BM67 -> TAP | BR67: =SUMIF($P$2:$P$42,BQ67,$N$2:$N$41)+SUMIF($W$2:$W$42,BQ67,$U$2:$U$41)+SUMIF($AD$2:$AD$42,BQ67,$AB$2:$AB$41)+SUMIF($AK$2:$AK$42,BQ67,$AI$2:$AI$41)+SUMIF($AQ$2:$AQ$42,BQ67,$AO$2:$AO$41)+SUMIF($AX$2:$AX$42,BQ67,$AV$2:$AV$41)+SUMIF($BD$2:$BD$42,BQ67,$BB$2:$BB$41) -> 0.34583333 | BS67: =BR67*24 -> 8.3 | BU67: =BM67 -> TAP | BV67: =BO67+BS67 -> 8.3 | BW67: =BU67 -> TAP
BN68: =SUMIF($O$2:$O$41,BM68,$N$2:$N$41)+SUMIF($V$2:$V$41,BM68,$U$2:$U$41)+SUMIF($AC$2:$AC$41,BM68,$AB$2:$AB$41)+SUMIF($AJ$2:$AJ$41,BM68,$AI$2:$AI$41)+SUMIF($AP$2:$AP$41,BM68,$AO$2:$AO$41)+SUMIF($AW$2:$AW$41,BM68,$AV$2:$AV$41)+SUMIF($BC$2:$BC$41,BM68,$BB$2:$BB$41) -> 0 | BO68: =BN68*24 -> 0 | BQ68: =BM68 -> 0 | BR68: =SUMIF($P$2:$P$42,BQ68,$N$2:$N$41)+SUMIF($W$2:$W$42,BQ68,$U$2:$U$41)+SUMIF($AD$2:$AD$42,BQ68,$AB$2:$AB$41)+SUMIF($AK$2:$AK$42,BQ68,$AI$2:$AI$41)+SUMIF($AQ$2:$AQ$42,BQ68,$AO$2:$AO$41)+SUMIF($AX$2:$AX$42,BQ68,$AV$2:$AV$41)+SUMIF($BD$2:$BD$42,BQ68,$BB$2:$BB$41) -> 0 | BS68: =BR68*24 -> 0 | BU68: =BM68 -> 0 | BV68: =BO68+BS68 -> 0 | BW68: =BU68 -> 0
BM69: IEC3 | BN69: =SUMIF($O$2:$O$41,BM69,$N$2:$N$41)+SUMIF($V$2:$V$41,BM69,$U$2:$U$41)+SUMIF($AC$2:$AC$41,BM69,$AB$2:$AB$41)+SUMIF($AJ$2:$AJ$41,BM69,$AI$2:$AI$41)+SUMIF($AP$2:$AP$41,BM69,$AO$2:$AO$41)+SUMIF($AW$2:$AW$41,BM69,$AV$2:$AV$41)+SUMIF($BC$2:$BC$41,BM69,$BB$2:$BB$41) -> 0.10833333 | BO69: =BN69*24 -> 2.6 | BQ69: =BM69 -> IEC3 | BR69: =SUMIF($P$2:$P$42,BQ69,$N$2:$N$41)+SUMIF($W$2:$W$42,BQ69,$U$2:$U$41)+SUMIF($AD$2:$AD$42,BQ69,$AB$2:$AB$41)+SUMIF($AK$2:$AK$42,BQ69,$AI$2:$AI$41)+SUMIF($AQ$2:$AQ$42,BQ69,$AO$2:$AO$41)+SUMIF($AX$2:$AX$42,BQ69,$AV$2:$AV$41)+SUMIF($BD$2:$BD$42,BQ69,$BB$2:$BB$41) -> 0.22569444 | BS69: =BR69*24 -> 5.4166667 | BU69: =BM69 -> IEC3 | BV69: =BO69+BS69 -> 8.0166667 | BW69: =BU69 -> IEC3
BM70: IES2 | BN70: =SUMIF($O$2:$O$41,BM70,$N$2:$N$41)+SUMIF($V$2:$V$41,BM70,$U$2:$U$41)+SUMIF($AC$2:$AC$41,BM70,$AB$2:$AB$41)+SUMIF($AJ$2:$AJ$41,BM70,$AI$2:$AI$41)+SUMIF($AP$2:$AP$41,BM70,$AO$2:$AO$41)+SUMIF($AW$2:$AW$41,BM70,$AV$2:$AV$41)+SUMIF($BC$2:$BC$41,BM70,$BB$2:$BB$41) -> 0.11111111 | BO70: =BN70*24 -> 2.6666667 | BQ70: =BM70 -> IES2 | BR70: =SUMIF($P$2:$P$42,BQ70,$N$2:$N$41)+SUMIF($W$2:$W$42,BQ70,$U$2:$U$41)+SUMIF($AD$2:$AD$42,BQ70,$AB$2:$AB$41)+SUMIF($AK$2:$AK$42,BQ70,$AI$2:$AI$41)+SUMIF($AQ$2:$AQ$42,BQ70,$AO$2:$AO$41)+SUMIF($AX$2:$AX$42,BQ70,$AV$2:$AV$41)+SUMIF($BD$2:$BD$42,BQ70,$BB$2:$BB$41) -> 0.18194444 | BS70: =BR70*24 -> 4.3666667 | BU70: =BM70 -> IES2 | BV70: =BO70+BS70 -> 7.0333333 | BW70: =BU70 -> IES2
BM71: PTC | BN71: =SUMIF($O$2:$O$41,BM71,$N$2:$N$41)+SUMIF($V$2:$V$41,BM71,$U$2:$U$41)+SUMIF($AC$2:$AC$41,BM71,$AB$2:$AB$41)+SUMIF($AJ$2:$AJ$41,BM71,$AI$2:$AI$41)+SUMIF($AP$2:$AP$41,BM71,$AO$2:$AO$41)+SUMIF($AW$2:$AW$41,BM71,$AV$2:$AV$41)+SUMIF($BC$2:$BC$41,BM71,$BB$2:$BB$41) -> 0.16180556 | BO71: =BN71*24 -> 3.8833333 | BQ71: =BM71 -> PTC | BR71: =SUMIF($P$2:$P$42,BQ71,$N$2:$N$41)+SUMIF($W$2:$W$42,BQ71,$U$2:$U$41)+SUMIF($AD$2:$AD$42,BQ71,$AB$2:$AB$41)+SUMIF($AK$2:$AK$42,BQ71,$AI$2:$AI$41)+SUMIF($AQ$2:$AQ$42,BQ71,$AO$2:$AO$41)+SUMIF($AX$2:$AX$42,BQ71,$AV$2:$AV$41)+SUMIF($BD$2:$BD$42,BQ71,$BB$2:$BB$41) -> 0 | BS71: =BR71*24 -> 0 | BU71: =BM71 -> PTC | BV71: =BO71+BS71 -> 3.8833333 | BW71: =BU71 -> PTC
BN72: =SUMIF($O$2:$O$41,BM72,$N$2:$N$41)+SUMIF($V$2:$V$41,BM72,$U$2:$U$41)+SUMIF($AC$2:$AC$41,BM72,$AB$2:$AB$41)+SUMIF($AJ$2:$AJ$41,BM72,$AI$2:$AI$41)+SUMIF($AP$2:$AP$41,BM72,$AO$2:$AO$41)+SUMIF($AW$2:$AW$41,BM72,$AV$2:$AV$41)+SUMIF($BC$2:$BC$41,BM72,$BB$2:$BB$41) -> 0 | BO72: =BN72*24 -> 0 | BQ72: =BM72 -> 0 | BR72: =SUMIF($P$2:$P$42,BQ72,$N$2:$N$41)+SUMIF($W$2:$W$42,BQ72,$U$2:$U$41)+SUMIF($AD$2:$AD$42,BQ72,$AB$2:$AB$41)+SUMIF($AK$2:$AK$42,BQ72,$AI$2:$AI$41)+SUMIF($AQ$2:$AQ$42,BQ72,$AO$2:$AO$41)+SUMIF($AX$2:$AX$42,BQ72,$AV$2:$AV$41)+SUMIF($BD$2:$BD$42,BQ72,$BB$2:$BB$41) -> 0 | BS72: =BR72*24 -> 0 | BU72: =BM72 -> 0 | BV72: =BO72+BS72 -> 0 | BW72: =BU72 -> 0
BM73: 88 | BN73: =SUMIF($O$2:$O$41,BM73,$N$2:$N$41)+SUMIF($V$2:$V$41,BM73,$U$2:$U$41)+SUMIF($AC$2:$AC$41,BM73,$AB$2:$AB$41)+SUMIF($AJ$2:$AJ$41,BM73,$AI$2:$AI$41)+SUMIF($AP$2:$AP$41,BM73,$AO$2:$AO$41)+SUMIF($AW$2:$AW$41,BM73,$AV$2:$AV$41)+SUMIF($BC$2:$BC$41,BM73,$BB$2:$BB$41) -> 0 | BO73: =BN73*24 -> 0 | BQ73: =BM73 -> 88 | BR73: =SUMIF($P$2:$P$42,BQ73,$N$2:$N$41)+SUMIF($W$2:$W$42,BQ73,$U$2:$U$41)+SUMIF($AD$2:$AD$42,BQ73,$AB$2:$AB$41)+SUMIF($AK$2:$AK$42,BQ73,$AI$2:$AI$41)+SUMIF($AQ$2:$AQ$42,BQ73,$AO$2:$AO$41)+SUMIF($AX$2:$AX$42,BQ73,$AV$2:$AV$41)+SUMIF($BD$2:$BD$42,BQ73,$BB$2:$BB$41) -> 0.125 | BS73: =BR73*24 -> 3 | BU73: =BM73 -> 88 | BV73: =BO73+BS73 -> 3 | BW73: =BU73 -> 88
BM74: 154 | BN74: =SUMIF($O$2:$O$41,BM74,$N$2:$N$41)+SUMIF($V$2:$V$41,BM74,$U$2:$U$41)+SUMIF($AC$2:$AC$41,BM74,$AB$2:$AB$41)+SUMIF($AJ$2:$AJ$41,BM74,$AI$2:$AI$41)+SUMIF($AP$2:$AP$41,BM74,$AO$2:$AO$41)+SUMIF($AW$2:$AW$41,BM74,$AV$2:$AV$41)+SUMIF($BC$2:$BC$41,BM74,$BB$2:$BB$41) -> 0 | BO74: =BN74*24 -> 0 | BQ74: =BM74 -> 154 | BR74: =SUMIF($P$2:$P$42,BQ74,$N$2:$N$41)+SUMIF($W$2:$W$42,BQ74,$U$2:$U$41)+SUMIF($AD$2:$AD$42,BQ74,$AB$2:$AB$41)+SUMIF($AK$2:$AK$42,BQ74,$AI$2:$AI$41)+SUMIF($AQ$2:$AQ$42,BQ74,$AO$2:$AO$41)+SUMIF($AX$2:$AX$42,BQ74,$AV$2:$AV$41)+SUMIF($BD$2:$BD$42,BQ74,$BB$2:$BB$41) -> 0.125 | BS74: =BR74*24 -> 3 | BU74: =BM74 -> 154 | BV74: =BO74+BS74 -> 3 | BW74: =BU74 -> 154
BM75: 220 | BN75: =SUMIF($O$2:$O$41,BM75,$N$2:$N$41)+SUMIF($V$2:$V$41,BM75,$U$2:$U$41)+SUMIF($AC$2:$AC$41,BM75,$AB$2:$AB$41)+SUMIF($AJ$2:$AJ$41,BM75,$AI$2:$AI$41)+SUMIF($AP$2:$AP$41,BM75,$AO$2:$AO$41)+SUMIF($AW$2:$AW$41,BM75,$AV$2:$AV$41)+SUMIF($BC$2:$BC$41,BM75,$BB$2:$BB$41) -> 0 | BO75: =BN75*24 -> 0 | BQ75: =BM75 -> 220 | BR75: =SUMIF($P$2:$P$42,BQ75,$N$2:$N$41)+SUMIF($W$2:$W$42,BQ75,$U$2:$U$41)+SUMIF($AD$2:$AD$42,BQ75,$AB$2:$AB$41)+SUMIF($AK$2:$AK$42,BQ75,$AI$2:$AI$41)+SUMIF($AQ$2:$AQ$42,BQ75,$AO$2:$AO$41)+SUMIF($AX$2:$AX$42,BQ75,$AV$2:$AV$41)+SUMIF($BD$2:$BD$42,BQ75,$BB$2:$BB$41) -> 0 | BS75: =BR75*24 -> 0 | BU75: =BM75 -> 220 | BV75: =BO75+BS75 -> 0 | BW75: =BU75 -> 220
BM76: 221 | BN76: =SUMIF($O$2:$O$41,BM76,$N$2:$N$41)+SUMIF($V$2:$V$41,BM76,$U$2:$U$41)+SUMIF($AC$2:$AC$41,BM76,$AB$2:$AB$41)+SUMIF($AJ$2:$AJ$41,BM76,$AI$2:$AI$41)+SUMIF($AP$2:$AP$41,BM76,$AO$2:$AO$41)+SUMIF($AW$2:$AW$41,BM76,$AV$2:$AV$41)+SUMIF($BC$2:$BC$41,BM76,$BB$2:$BB$41) -> 0 | BO76: =BN76*24 -> 0 | BQ76: =BM76 -> 221 | BR76: =SUMIF($P$2:$P$42,BQ76,$N$2:$N$41)+SUMIF($W$2:$W$42,BQ76,$U$2:$U$41)+SUMIF($AD$2:$AD$42,BQ76,$AB$2:$AB$41)+SUMIF($AK$2:$AK$42,BQ76,$AI$2:$AI$41)+SUMIF($AQ$2:$AQ$42,BQ76,$AO$2:$AO$41)+SUMIF($AX$2:$AX$42,BQ76,$AV$2:$AV$41)+SUMIF($BD$2:$BD$42,BQ76,$BB$2:$BB$41) -> 0 | BS76: =BR76*24 -> 0 | BU76: =BM76 -> 221 | BV76: =BO76+BS76 -> 0 | BW76: =BU76 -> 221
BV77: =BO77+BS77 -> 0

Sheet 無教同有教中六
C3: NO S6 | E3: 3 | F3: 20 | G3: 37 | H3: 49 | I3: 67 | J3: 72 | K3: 92
D4: 85 | E4: 113 | F4: 134 | G4: 137 | H4: 141 | I4: 181 | J4: 197 | K4: 198
D5: 140 | E5: 203 | F5: 204 | G5: 209 | H5: 210 | I5: 214 | J5: 222 | K5: 223 | L5: 224
D6: 213
D7: 217
C9: HAVE S6 | E9: 4 | F9: 5 | G9: 22 | H9: 32 | I9: 39 | J9: 73 | K9: 84 | L9: 86 | M9: 90 | N9: 91
D10: 25 | E10: 102 | F10: 103 | G10: 112 | H10: 114 | I10: 117 | J10: 120 | K10: 128 | L10: 129 | M10: 135 | N10: 138
D11: 76 | E11: 152 | F11: 153 | G11: 161 | H11: 186 | I11: 190 | J11: 196
E12: 202 | F12: 205 | G12: 206 | H12: 208 | I12: 211 | J12: 218

Sheet S1-6 SEN
A1: SEN - INV (1st Term EXAM 25-26)
C2: Rm 206 S1 | F2: S1 | I2: Time | J2: INV. | M2: Rm 203 S2 | P2: S2 | S2: Time | T2: INV. | W2: Rm 303 S3 | Z2: S3 | AC2: Time | AD2: INV. | AG2: Rm 403 S4 | AJ2: S4 | AM2: Time | AN2: INV. | AR2: Rm 406 S5 | AU2: S5 | AX2: Time | AY2: INV. | BB2: Rm 407 S6 | BE2: S6 | BH2: Time | BI2: INV. | BJ2: Phy Lab S6 (STT) | BW2: TEACHERS | BX2: Code | BY2: TOTAL | BZ2: SEN 407 HOURS(S6) | CA2: SEN PHY LAB (S6) | CB2: SEN HOURS(S1) | CC2: SEN HOURS(S2) | CD2: SEN HOURS(S3) | CE2: SEN HOURS(S4) | CF2: SEN HOURS(S5)
A3: 12/1/26 Mon | B3: 中國語文 1 (閱讀能力) | C3: 8:15 | D3: - | E3: 9:30 | F3: 0.33333333 | H3: 0.39583333 | I3: =(H3-F3)*24 -> 1.5 | J3: 103 | L3: English Language (Reading) | M3: 8:15 | N3: - | O3: 9:30 | P3: 0.33333333 | R3: 0.39583333 | S3: =(R3-P3)*24 -> 1.5 | T3: 128 | V3: English Language (Reading) | W3: 8:15 | X3: - | Y3: 9:30 | Z3: 0.33333333 | AB3: 0.39583333 | AC3: =(AB3-Z3)*24 -> 1.5 | AD3: 208 | AF3: English Language 1 Reading | AG3: 8:15 | AH3: - | AI3: 9:30 | AJ3: 0.33333333 | AL3: 0.39583333 | AM3: =(AL3-AJ3)*24 -> 1.5 | AN3: 214 | AQ3: 中國語文 1 閱讀能力 | AR3: 8:15 | AS3: - | AT3: 10:18 | AU3: 0.33333333 | AW3: 0.42916667 | AX3: =(AW3-AU3)*24 -> 2.3 | AY3: 202 | BA3: 中國語文 1 閱讀能力 | BB3: 8:15 | BC3: - | BD3: 10:18 | BE3: 0.33333333 | BG3: 0.42916667 | BH3: =(BG3-BE3)*24 -> 2.3 | BI3: 240 | BK3: - | BW3: LYY | BX3: 3 | BY3: =SUM(BZ3:CF3) -> 0 | BZ3: =SUMIF(BI$3:BI$36,$BX3,BH$3:BH$36) -> 0 | CA3: =SUMIF(BQ$3:BQ$36,$BX3,BP$3:BP$36) -> 0 | CB3: =SUMIF(J$3:J$36,$BX3,I$3:I$36) -> 0 | CC3: =SUMIF(T$3:T$36,$BX3,S$3:S$36) -> 0 | CD3: =SUMIF(AD$3:AD$36,$BX3,AC$3:AC$36) -> 0 | CE3: =SUMIF(AN$3:AN$36,$BX3,AM$3:AM$36) -> 0 | CF3: =SUMIF(AY$3:AY$36,$BX3,AX$3:AX$36) -> 0
I4: =(H4-F4)*24 -> 0 | S4: =(R4-P4)*24 -> 0 | V4: English Language (Writing) | W4: 10:00 | X4: - | Y4: 11:15 | Z4: 0.40625 | AB4: 0.46875 | AC4: =(AB4-Z4)*24 -> 1.5 | AD4: 208 | AF4: English Language 2 Writing | AG4: 10:00 | AH4: - | AI4: 11:15 | AJ4: 0.40625 | AL4: 0.46875 | AM4: =(AL4-AJ4)*24 -> 1.5 | AN4: 138 | AQ4: 中國語文 2 寫作能力 | AR4: 10:50 | AS4: - | AT4: 13:54 | AU4: 0.44097222 | AW4: 0.5 | AX4: =(AW4-AU4)*24 -> 1.4166667 | AY4: 203 | BA4: 中國語文 2 寫作能力 | BB4: 10:50 | BC4: - | BD4: 13:54 | BE4: 0.44097222 | BG4: 0.52083333 | BH4: =(BG4-BE4)*24 -> 1.9166667 | BI4: 25 | BK4: - | BW4: LMT | BX4: 4 | BY4: =SUM(BZ4:CF4) -> 5 | BZ4: =SUMIF(BI$3:BI$36,$BX4,BH$3:BH$36) -> 5 | CA4: =SUMIF(BQ$3:BQ$36,$BX4,BP$3:BP$36) -> 0 | CB4: =SUMIF(J$3:J$36,$BX4,I$3:I$36) -> 0 | CC4: =SUMIF(T$3:T$36,$BX4,S$3:S$36) -> 0 | CD4: =SUMIF(AD$3:AD$36,$BX4,AC$3:AC$36) -> 0 | CE4: =SUMIF(AN$3:AN$36,$BX4,AM$3:AM$36) -> 0 | CF4: =SUMIF(AY$3:AY$36,$BX4,AX$3:AX$36) -> 0
I5: =(H5-F5)*24 -> 0 | S5: =(R5-P5)*24 -> 0 | AC5: =(AB5-Z5)*24 -> 0 | AF5: English Language 4 Speaking | AH5: - | AM5: =(AL5-AJ5)*24 -> 0 | AS5: - | AU5: 0.5 | AW5: 0.57916667 | AX5: =(AW5-AU5)*24 -> 1.9 | AY5: 181 | BC5: - | BE5: 0.52083333 | BG5: 0.57916667 | BH5: =(BG5-BE5)*24 -> 1.4 | BI5: 140 | BK5: - | BW5: LWT | BX5: 20 | BY5: =SUM(BZ5:CF5) -> 0 | BZ5: =SUMIF(BI$3:BI$36,$BX5,BH$3:BH$36) -> 0 | CA5: =SUMIF(BQ$3:BQ$36,$BX5,BP$3:BP$36) -> 0 | CB5: =SUMIF(J$3:J$36,$BX5,I$3:I$36) -> 0 | CC5: =SUMIF(T$3:T$36,$BX5,S$3:S$36) -> 0 | CD5: =SUMIF(AD$3:AD$36,$BX5,AC$3:AC$36) -> 0 | CE5: =SUMIF(AN$3:AN$36,$BX5,AM$3:AM$36) -> 0 | CF5: =SUMIF(AY$3:AY$36,$BX5,AX$3:AX$36) -> 0
A6: 13/1/26 Tue | B6: 中國語文 2 (寫作能力) | C6: 8:15 | D6: - | E6: 9:49 | F6: 0.33333333 | H6: 0.40902778 | I6: =(H6-F6)*24 -> 1.8166667 | J6: 73 | L6: 公民、經濟與社會 | M6: 8:15 | N6: - | O6: 9:12 | P6: 0.33333333 | R6: 0.38333333 | S6: =(R6-P6)*24 -> 1.2 | T6: 210 | V6: 數學 1 | W6: 8:15 | X6: - | Y6: 9:30 | Z6: 0.33333333 | AB6: 0.39583333 | AC6: =(AB6-Z6)*24 -> 1.5 | AD6: 211 | AF6: 中國語文 1 閱讀能力 | AG6: 8:15 | AH6: - | AI6: 10:18 | AJ6: 0.33333333 | AL6: 0.42916667 | AM6: =(AL6-AJ6)*24 -> 2.3 | AN6: 186 | AQ6: English Language 1 Reading | AR6: 8:15 | AS6: - | AT6: 10:18 | AU6: 0.33333333 | AW6: 0.42916667 | AX6: =(AW6-AU6)*24 -> 2.3 | AY6: 112 | BA6: English Language 1 Reading | BB6: 8:15 | BC6: - | BD6: 10:18 | BE6: 0.33333333 | BG6: 0.42916667 | BH6: =(BG6-BE6)*24 -> 2.3 | BI6: 224 | BK6: - | BW6: WWY | BX6: 22 | BY6: =SUM(BZ6:CF6) -> 0 | BZ6: =SUMIF(BI$3:BI$36,$BX6,BH$3:BH$36) -> 0 | CA6: =SUMIF(BQ$3:BQ$36,$BX6,BP$3:BP$36) -> 0 | CB6: =SUMIF(J$3:J$36,$BX6,I$3:I$36) -> 0 | CC6: =SUMIF(T$3:T$36,$BX6,S$3:S$36) -> 0 | CD6: =SUMIF(AD$3:AD$36,$BX6,AC$3:AC$36) -> 0 | CE6: =SUMIF(AN$3:AN$36,$BX6,AM$3:AM$36) -> 0 | CF6: =SUMIF(AY$3:AY$36,$BX6,AX$3:AX$36) -> 0
I7: =(H7-F7)*24 -> 0 | L7: 中國語文 4 (說話能力) | N7: - | S7: =(R7-P7)*24 -> 0 | V7: 數學 2 | W7: 10:00 | X7: - | Y7: 11:15 | Z7: 0.40625 | AB7: 0.46875 | AC7: =(AB7-Z7)*24 -> 1.5 | AD7: 211 | AF7: 中國語文 2 寫作能力 | AG7: 10:50 | AH7: - | AI7: 13:54 | AJ7: 0.44097222 | AL7: 0.5 | AM7: =(AL7-AJ7)*24 -> 1.4166667 | AN7: 141 | AQ7: English Language 2 Writing | AR7: 10:50 | AS7: - | AT7: 13:35 | AU7: 0.44097222 | AW7: 0.5 | AX7: =(AW7-AU7)*24 -> 1.4166667 | AY7: 112 | BA7: English Language 2 Writing | BB7: 10:50 | BC7: - | BD7: 13:35 | BE7: 0.44097222 | BG7: 0.56597222 | BH7: =(BG7-BE7)*24 -> 3 | BI7: 4 | BK7: - | BW7: LCS | BX7: 25 | BY7: =SUM(BZ7:CF7) -> 7.9166667 | BZ7: =SUMIF(BI$3:BI$36,$BX7,BH$3:BH$36) -> 3.4166667 | CA7: =SUMIF(BQ$3:BQ$36,$BX7,BP$3:BP$36) -> 4.5 | CB7: =SUMIF(J$3:J$36,$BX7,I$3:I$36) -> 0 | CC7: =SUMIF(T$3:T$36,$BX7,S$3:S$36) -> 0 | CD7: =SUMIF(AD$3:AD$36,$BX7,AC$3:AC$36) -> 0 | CE7: =SUMIF(AN$3:AN$36,$BX7,AM$3:AM$36) -> 0 | CF7: =SUMIF(AY$3:AY$36,$BX7,AX$3:AX$36) -> 0
I8: =(H8-F8)*24 -> 0 | S8: =(R8-P8)*24 -> 0 | AC8: =(AB8-Z8)*24 -> 0 | AH8: - | AJ8: 0.5 | AL8: 0.57916667 | AM8: =(AL8-AJ8)*24 -> 1.9 | AN8: 102 | AS8: - | AU8: 0.5 | AW8: 0.56597222 | AX8: =(AW8-AU8)*24 -> 1.5833333 | AY8: 78 | BC8: - | BH8: =(BG8-BE8)*24 -> 0 | BK8: - | BW8: LPK | BX8: 32 | BY8: =SUM(BZ8:CF8) -> 2.3 | BZ8: =SUMIF(BI$3:BI$36,$BX8,BH$3:BH$36) -> 0 | CA8: =SUMIF(BQ$3:BQ$36,$BX8,BP$3:BP$36) -> 0 | CB8: =SUMIF(J$3:J$36,$BX8,I$3:I$36) -> 0 | CC8: =SUMIF(T$3:T$36,$BX8,S$3:S$36) -> 0 | CD8: =SUMIF(AD$3:AD$36,$BX8,AC$3:AC$36) -> 0 | CE8: =SUMIF(AN$3:AN$36,$BX8,AM$3:AM$36) -> 0 | CF8: =SUMIF(AY$3:AY$36,$BX8,AX$3:AX$36) -> 2.3
A9: 14/1/26 Wed | B9: English Language (Reading) | C9: 8:15 | D9: - | E9: 9:30 | F9: 0.33333333 | H9: 0.39583333 | I9: =(H9-F9)*24 -> 1.5 | J9: 206 | L9: 中國語文 2 (寫作能力) | M9: 8:15 | N9: - | O9: 9:49 | P9: 0.33333333 | R9: 0.40902778 | S9: =(R9-P9)*24 -> 1.8166667 | T9: 198 | V9: 中國語文 2 (寫作能力) | W9: 8:15 | X9: - | Y9: 9:49 | Z9: 0.33333333 | AB9: 0.40902778 | AC9: =(AB9-Z9)*24 -> 1.8166667 | AD9: 49 | AF9: 化學 | AG9: 8:15 | AH9: - | AI9: 10:18 | AJ9: 0.33333333 | AL9: 0.42916667 | AM9: =(AL9-AJ9)*24 -> 2.3 | AN9: 120 | AQ9: 公民與社會發展 | AR9: 8:15 | AS9: - | AT9: 10:18 | AU9: 0.33333333 | AW9: 0.42916667 | AX9: =(AW9-AU9)*24 -> 2.3 | AY9: 32 | BA9: English Language 3 (Listening and Integrated Skills) | BB9: 8:15 | BC9: - | BD9: 10:44 | BE9: 0.33333333 | BG9: 0.44722222 | BH9: =(BG9-BE9)*24 -> 2.7333333 | BI9: 37 | BK9: - | BW9: WLP | BX9: 37 | BY9: =SUM(BZ9:CF9) -> 8.85 | BZ9: =SUMIF(BI$3:BI$36,$BX9,BH$3:BH$36) -> 8.85 | CA9: =SUMIF(BQ$3:BQ$36,$BX9,BP$3:BP$36) -> 0 | CB9: =SUMIF(J$3:J$36,$BX9,I$3:I$36) -> 0 | CC9: =SUMIF(T$3:T$36,$BX9,S$3:S$36) -> 0 | CD9: =SUMIF(AD$3:AD$36,$BX9,AC$3:AC$36) -> 0 | CE9: =SUMIF(AN$3:AN$36,$BX9,AM$3:AM$36) -> 0 | CF9: =SUMIF(AY$3:AY$36,$BX9,AX$3:AX$36) -> 0
B10: English Language (Speaking) | D10: - | I10: =(H10-F10)*24 -> 0 | S10: =(R10-P10)*24 -> 0 | V10: 中國語文 3 (聆聽能力) | W10: 10:20 | X10: - | Y10: 10:50 | Z10: 0.42013889 | AB10: 0.45138889 | AC10: =(AB10-Z10)*24 -> 0.75 | AD10: 204 | AH10: - | AM10: =(AL10-AJ10)*24 -> 0 | AQ10: 數學 延伸部份 (單元一) | AR10: 10:50 | AS10: - | AT10: 13:35 | AU10: 0.44097222 | AW10: 0.5 | AX10: =(AW10-AU10)*24 -> 1.4166667 | AY10: 203 | BH10: =(BG10-BE10)*24 -> 0 | BW10: TCH | BX10: 49 | BY10: =SUM(BZ10:CF10) -> 4.8166667 | BZ10: =SUMIF(BI$3:BI$36,$BX10,BH$3:BH$36) -> 0 | CA10: =SUMIF(BQ$3:BQ$36,$BX10,BP$3:BP$36) -> 0 | CB10: =SUMIF(J$3:J$36,$BX10,I$3:I$36) -> 0 | CC10: =SUMIF(T$3:T$36,$BX10,S$3:S$36) -> 3 | CD10: =SUMIF(AD$3:AD$36,$BX10,AC$3:AC$36) -> 1.8166667 | CE10: =SUMIF(AN$3:AN$36,$BX10,AM$3:AM$36) -> 0 | CF10: =SUMIF(AY$3:AY$36,$BX10,AX$3:AX$36) -> 0
I11: =(H11-F11)*24 -> 0 | S11: =(R11-P11)*24 -> 0 | V11: 普通話 | W11: 0.45486111 | X11: - | Y11: 11:25 | Z11: 0.45138889 | AB11: 0.47569444 | AC11: =(AB11-Z11)*24 -> 0.58333333 | AD11: 204 | AH11: - | AM11: =(AL11-AJ11)*24 -> 0 | AS11: - | AU11: 0.5 | AW11: 0.56597222 | AX11: =(AW11-AU11)*24 -> 1.5833333 | AY11: 224 | BC11: - | BH11: =(BG11-BE11)*24 -> 0 | BK11: - | BW11: LTN | BX11: 67 | BY11: =SUM(BZ11:CF11) -> 0 | BZ11: =SUMIF(BI$3:BI$36,$BX11,BH$3:BH$36) -> 0 | CA11: =SUMIF(BQ$3:BQ$36,$BX11,BP$3:BP$36) -> 0 | CB11: =SUMIF(J$3:J$36,$BX11,I$3:I$36) -> 0 | CC11: =SUMIF(T$3:T$36,$BX11,S$3:S$36) -> 0 | CD11: =SUMIF(AD$3:AD$36,$BX11,AC$3:AC$36) -> 0 | CE11: =SUMIF(AN$3:AN$36,$BX11,AM$3:AM$36) -> 0 | CF11: =SUMIF(AY$3:AY$36,$BX11,AX$3:AX$36) -> 0
A12: 15/1/26 Thur | B12: English Language (Writing) | C12: 8:15 | D12: - | E12: 9:30 | F12: 0.33333333 | H12: 0.39583333 | I12: =(H12-F12)*24 -> 1.5 | J12: 72 | L12: 中國語文 1 (閱讀能力) | M12: 8:15 | N12: - | O12: 9:30 | P12: 0.33333333 | R12: 0.39583333 | S12: =(R12-P12)*24 -> 1.5 | T12: 49 | V12: 物理 | W12: 8:15 | X12: - | Y12: 9:12 | Z12: 0.33333333 | AB12: 0.38333333 | AC12: =(AB12-Z12)*24 -> 1.2 | AD12: 92 | AF12: 公民與社會發展 | AG12: 8:15 | AH12: - | AI12: 9:30 | AJ12: 0.33333333 | AL12: 0.39583333 | AM12: =(AL12-AJ12)*24 -> 1.5 | AN12: 141 | AQ12: English Language 3 (Listening and Integrated Skills) | AR12: 8:15 | AS12: - | AT12: 9:49 | AU12: 0.33333333 | AW12: 0.40902778 | AX12: =(AW12-AU12)*24 -> 1.8166667 | AY12: 203 | BA12: 數學 1 (必修部份) | BB12: 8:15 | BC12: - | BD12: 11:19 | BE12: 0.33333333 | BG12: 0.47152778 | BH12: =(BG12-BE12)*24 -> 3.3166667 | BI12: 91 | BK12: - | BW12: LPC | BX12: 72 | BY12: =SUM(BZ12:CF12) -> 1.5 | BZ12: =SUMIF(BI$3:BI$36,$BX12,BH$3:BH$36) -> 0 | CA12: =SUMIF(BQ$3:BQ$36,$BX12,BP$3:BP$36) -> 0 | CB12: =SUMIF(J$3:J$36,$BX12,I$3:I$36) -> 1.5 | CC12: =SUMIF(T$3:T$36,$BX12,S$3:S$36) -> 0 | CD12: =SUMIF(AD$3:AD$36,$BX12,AC$3:AC$36) -> 0 | CE12: =SUMIF(AN$3:AN$36,$BX12,AM$3:AM$36) -> 0 | CF12: =SUMIF(AY$3:AY$36,$BX12,AX$3:AX$36) -> 0
I13: =(H13-F13)*24 -> 0 | S13: =(R13-P13)*24 -> 0 | V13: 公民、經濟與社會 | W13: 9:45 | X13: - | Y13: 10:42 | Z13: 0.39583333 | AB13: 0.44583333 | AC13: =(AB13-Z13)*24 -> 1.2 | AD13: 92 | AH13: - | AM13: =(AL13-AJ13)*24 -> 0 | AQ13: English Language 4 Speaking | AS13: - | AX13: =(AW13-AU13)*24 -> 0 | BA13: 數學 2 (必修部份) | BB13: 11:50 | BC13: - | BD13: 13:34 | BE13: 0.48263889 | BG13: 0.56527778 | BH13: =(BG13-BE13)*24 -> 1.9833333 | BI13: 138 | BK13: - | BW13: LHK | BX13: 73 | BY13: =SUM(BZ13:CF13) -> 3.3166667 | BZ13: =SUMIF(BI$3:BI$36,$BX13,BH$3:BH$36) -> 0 | CA13: =SUMIF(BQ$3:BQ$36,$BX13,BP$3:BP$36) -> 0 | CB13: =SUMIF(J$3:J$36,$BX13,I$3:I$36) -> 1.8166667 | CC13: =SUMIF(T$3:T$36,$BX13,S$3:S$36) -> 0 | CD13: =SUMIF(AD$3:AD$36,$BX13,AC$3:AC$36) -> 0 | CE13: =SUMIF(AN$3:AN$36,$BX13,AM$3:AM$36) -> 0 | CF13: =SUMIF(AY$3:AY$36,$BX13,AX$3:AX$36) -> 1.5
I14: =(H14-F14)*24 -> 0 | S14: =(R14-P14)*24 -> 0 | AC14: =(AB14-Z14)*24 -> 0 | AH14: - | AM14: =(AL14-AJ14)*24 -> 0 | AS14: - | AX14: =(AW14-AU14)*24 -> 0 | BC14: - | BH14: =(BG14-BE14)*24 -> 0 | BK14: - | BW14: LKC | BX14: 78 | BY14: =SUM(BZ14:CF14) -> 6 | BZ14: =SUMIF(BI$3:BI$36,$BX14,BH$3:BH$36) -> 0 | CA14: =SUMIF(BQ$3:BQ$36,$BX14,BP$3:BP$36) -> 0 | CB14: =SUMIF(J$3:J$36,$BX14,I$3:I$36) -> 1.4166667 | CC14: =SUMIF(T$3:T$36,$BX14,S$3:S$36) -> 3 | CD14: =SUMIF(AD$3:AD$36,$BX14,AC$3:AC$36) -> 0 | CE14: =SUMIF(AN$3:AN$36,$BX14,AM$3:AM$36) -> 0 | CF14: =SUMIF(AY$3:AY$36,$BX14,AX$3:AX$36) -> 1.5833333
A15: 16/1/26 Fri | B15: 地理 | C15: 8:15 | D15: - | E15: 9:12 | F15: 0.33333333 | H15: 0.38333333 | I15: =(H15-F15)*24 -> 1.2 | J15: 218 | L15: 數學 1 | M15: 8:15 | N15: - | O15: 9:30 | P15: 0.33333333 | R15: 0.39583333 | S15: =(R15-P15)*24 -> 1.5 | T15: 78 | V15: 中國語文 1 (閱讀能力) | W15: 8:15 | X15: - | Y15: 9:30 | Z15: 0.33333333 | AB15: 0.39583333 | AC15: =(AB15-Z15)*24 -> 1.5 | AD15: 237 | AF15: 數學 1 (必修部份) | AG15: 8:15 | AH15: - | AI15: 10:18 | AJ15: 0.33333333 | AL15: 0.42916667 | AM15: =(AL15-AJ15)*24 -> 2.3 | AN15: 196 | AQ15: 數學 1 (必修部份) | AR15: 8:15 | AS15: - | AT15: 10:18 | AU15: 0.33333333 | AW15: 0.42916667 | AX15: =(AW15-AU15)*24 -> 2.3 | AY15: 134 | BA15: 公民與社會發展 | BB15: 8:15 | BC15: - | BD15: 11:00 | BE15: 0.33333333 | BG15: 0.45833333 | BH15: =(BG15-BE15)*24 -> 3 | BI15: 222 | BJ15: 8:15 | BK15: - | BL15: 11:00 | BM15: 0.33333333 | BO15: 0.375 | BP15: =(BO15-BM15)*24 -> 1 | BQ15: 213 | BW15: KKW | BX15: 84 | BY15: =SUM(BZ15:CF15) -> 0 | BZ15: =SUMIF(BI$3:BI$36,$BX15,BH$3:BH$36) -> 0 | CA15: =SUMIF(BQ$3:BQ$36,$BX15,BP$3:BP$36) -> 0 | CB15: =SUMIF(J$3:J$36,$BX15,I$3:I$36) -> 0 | CC15: =SUMIF(T$3:T$36,$BX15,S$3:S$36) -> 0 | CD15: =SUMIF(AD$3:AD$36,$BX15,AC$3:AC$36) -> 0 | CE15: =SUMIF(AN$3:AN$36,$BX15,AM$3:AM$36) -> 0 | CF15: =SUMIF(AY$3:AY$36,$BX15,AX$3:AX$36) -> 0
B16: 歷史 | C16: 9:45 | D16: - | E16: 10:42 | F16: 0.39583333 | H16: 0.44583333 | I16: =(H16-F16)*24 -> 1.2 | J16: 218 | L16: 數學 2 | M16: 10:00 | N16: - | O16: 11:15 | P16: 0.40625 | R16: 0.46875 | S16: =(R16-P16)*24 -> 1.5 | T16: 78 | V16: 中國語文 4 (說話能力) | X16: - | AC16: =(AB16-Z16)*24 -> 0 | AF16: 數學 2 (必修部份) | AG16: 10:50 | AH16: - | AI16: 12:05 | AJ16: 0.44097222 | AL16: 0.50347222 | AM16: =(AL16-AJ16)*24 -> 1.5 | AN16: 209 | AQ16: 數學 2 (必修部份) | AR16: 10:50 | AS16: - | AT16: 12:05 | AU16: 0.44097222 | AW16: 0.50347222 | AX16: =(AW16-AU16)*24 -> 1.5 | AY16: 224 | BH16: =(BG16-BE16)*24 -> 0 | BM16: 0.375 | BO16: 0.45833333 | BP16: =(BO16-BM16)*24 -> 2 | BQ16: 140 | BW16: AT | BX16: 85 | BY16: =SUM(BZ16:CF16) -> 2.4666667 | BZ16: =SUMIF(BI$3:BI$36,$BX16,BH$3:BH$36) -> 0 | CA16: =SUMIF(BQ$3:BQ$36,$BX16,BP$3:BP$36) -> 1.05 | CB16: =SUMIF(J$3:J$36,$BX16,I$3:I$36) -> 0 | CC16: =SUMIF(T$3:T$36,$BX16,S$3:S$36) -> 1.4166667 | CD16: =SUMIF(AD$3:AD$36,$BX16,AC$3:AC$36) -> 0 | CE16: =SUMIF(AN$3:AN$36,$BX16,AM$3:AM$36) -> 0 | CF16: =SUMIF(AY$3:AY$36,$BX16,AX$3:AX$36) -> 0
I17: =(H17-F17)*24 -> 0 | S17: =(R17-P17)*24 -> 0 | AC17: =(AB17-Z17)*24 -> 0 | AH17: - | AM17: =(AL17-AJ17)*24 -> 0 | AS17: - | AX17: =(AW17-AU17)*24 -> 0 | BH17: =(BG17-BE17)*24 -> 0 | BP17: =(BO17-BM17)*24 -> 0 | BW17: KSC | BX17: 86 | BY17: =SUM(BZ17:CF17) -> 0 | BZ17: =SUMIF(BI$3:BI$36,$BX17,BH$3:BH$36) -> 0 | CA17: =SUMIF(BQ$3:BQ$36,$BX17,BP$3:BP$36) -> 0 | CB17: =SUMIF(J$3:J$36,$BX17,I$3:I$36) -> 0 | CC17: =SUMIF(T$3:T$36,$BX17,S$3:S$36) -> 0 | CD17: =SUMIF(AD$3:AD$36,$BX17,AC$3:AC$36) -> 0 | CE17: =SUMIF(AN$3:AN$36,$BX17,AM$3:AM$36) -> 0 | CF17: =SUMIF(AY$3:AY$36,$BX17,AX$3:AX$36) -> 0
A18: 19/1/26 Mon | B18: 數學 1 | C18: 8:15 | D18: - | E18: 9:30 | F18: 0.33333333 | H18: 0.39583333 | I18: =(H18-F18)*24 -> 1.5 | J18: 91 | L18: 地理 | M18: 8:15 | N18: - | O18: 9:12 | P18: 0.33333333 | R18: 0.38333333 | S18: =(R18-P18)*24 -> 1.2 | T18: 90 | V18: 化學 | W18: 8:15 | X18: - | Y18: 9:12 | Z18: 0.33333333 | AB18: 0.38333333 | AC18: =(AB18-Z18)*24 -> 1.2 | AD18: 137 | AF18: English Language 3 (Listening and Integrated Skills) | AG18: 8:15 | AH18: - | AI18: 9:15 | AJ18: 0.33333333 | AL18: 0.38541667 | AM18: =(AL18-AJ18)*24 -> 1.25 | AN18: 240 | AQ18: 地理 | AR18: 8:15 | AS18: - | AT18: 11:00 | AU18: 0.33333333 | AW18: 0.39583333 | AX18: =(AW18-AU18)*24 -> 1.5 | AY18: 181 | BA18: (Rm 407)企會、地理 | BB18: 8:15 | BC18: - | BD18: 14:19 | BE18: 0.33333333 | BG18: 0.41666667 | BH18: =(BG18-BE18)*24 -> 2 | BI18: 92 | BJ18: 8:15 | BK18: - | BL18: 13:33 | BM18: 0.33333333 | BO18: 0.41666667 | BP18: =(BO18-BM18)*24 -> 2 | BQ18: 140 | BW18: LKL | BX18: 90 | BY18: =SUM(BZ18:CF18) -> 2.4 | BZ18: =SUMIF(BI$3:BI$36,$BX18,BH$3:BH$36) -> 0 | CA18: =SUMIF(BQ$3:BQ$36,$BX18,BP$3:BP$36) -> 0 | CB18: =SUMIF(J$3:J$36,$BX18,I$3:I$36) -> 0 | CC18: =SUMIF(T$3:T$36,$BX18,S$3:S$36) -> 2.4 | CD18: =SUMIF(AD$3:AD$36,$BX18,AC$3:AC$36) -> 0 | CE18: =SUMIF(AN$3:AN$36,$BX18,AM$3:AM$36) -> 0 | CF18: =SUMIF(AY$3:AY$36,$BX18,AX$3:AX$36) -> 0
B19: 數學 2 | C19: 10:00 | D19: - | E19: 11:15 | F19: 0.40625 | H19: 0.46875 | I19: =(H19-F19)*24 -> 1.5 | J19: 91 | L19: 歷史 | M19: 9:45 | N19: - | O19: 10:42 | P19: 0.39583333 | R19: 0.44583333 | S19: =(R19-P19)*24 -> 1.2 | T19: 90 | V19: 歷史 | W19: 9:45 | X19: - | Y19: 10:42 | Z19: 0.39583333 | AB19: 0.44583333 | AC19: =(AB19-Z19)*24 -> 1.2 | AD19: 137 | AH19: - | AM19: =(AL19-AJ19)*24 -> 0 | AQ19: 倫理與宗教 | AS19: - | AU19: 0.39583333 | AW19: 0.45833333 | AX19: =(AW19-AU19)*24 -> 1.5 | AY19: 153 | BA19: (STT)倫宗、歷史 | BC19: - | BE19: 0.41666667 | BG19: 0.5 | BH19: =(BG19-BE19)*24 -> 2 | BI19: 4 | BK19: - | BM19: 0.41666667 | BO19: 0.52083333 | BP19: =(BO19-BM19)*24 -> 2.5 | BQ19: 25 | BW19: KLH | BX19: 91 | BY19: =SUM(BZ19:CF19) -> 7.8166667 | BZ19: =SUMIF(BI$3:BI$36,$BX19,BH$3:BH$36) -> 3.3166667 | CA19: =SUMIF(BQ$3:BQ$36,$BX19,BP$3:BP$36) -> 0 | CB19: =SUMIF(J$3:J$36,$BX19,I$3:I$36) -> 4.5 | CC19: =SUMIF(T$3:T$36,$BX19,S$3:S$36) -> 0 | CD19: =SUMIF(AD$3:AD$36,$BX19,AC$3:AC$36) -> 0 | CE19: =SUMIF(AN$3:AN$36,$BX19,AM$3:AM$36) -> 0 | CF19: =SUMIF(AY$3:AY$36,$BX19,AX$3:AX$36) -> 0
I20: =(H20-F20)*24 -> 0 | S20: =(R20-P20)*24 -> 0 | AC20: =(AB20-Z20)*24 -> 0 | AH20: - | AM20: =(AL20-AJ20)*24 -> 0 | AQ20: 企業、會計與財務概論 | AS20: - | AX20: =(AW20-AU20)*24 -> 0 | BC20: - | BE20: 0.5 | BG20: 0.59652778 | BH20: =(BG20-BE20)*24 -> 2.3166667 | BI20: 222 | BK20: - | BM20: 0.52083333 | BO20: 0.56458333 | BP20: =(BO20-BM20)*24 -> 1.05 | BQ20: 85 | BW20: CKS | BX20: 92 | BY20: =SUM(BZ20:CF20) -> 6.4833333 | BZ20: =SUMIF(BI$3:BI$36,$BX20,BH$3:BH$36) -> 2 | CA20: =SUMIF(BQ$3:BQ$36,$BX20,BP$3:BP$36) -> 0 | CB20: =SUMIF(J$3:J$36,$BX20,I$3:I$36) -> 0 | CC20: =SUMIF(T$3:T$36,$BX20,S$3:S$36) -> 0 | CD20: =SUMIF(AD$3:AD$36,$BX20,AC$3:AC$36) -> 4.4833333 | CE20: =SUMIF(AN$3:AN$36,$BX20,AM$3:AM$36) -> 0 | CF20: =SUMIF(AY$3:AY$36,$BX20,AX$3:AX$36) -> 0
A21: 20/1/26 Tue | B21: 中國歷史 | C21: 8:15 | D21: - | E21: 9:12 | F21: 0.33333333 | H21: 0.38333333 | I21: =(H21-F21)*24 -> 1.2 | J21: 206 | L21: 中國語文 3 (聆聽能力) | M21: 8:15 | N21: - | O21: 8:45 | P21: 0.33333333 | R21: 0.36458333 | S21: =(R21-P21)*24 -> 0.75 | T21: 85 | V21: 地理 | W21: 8:15 | X21: - | Y21: 9:12 | Z21: 0.33333333 | AB21: 0.38333333 | AC21: =(AB21-Z21)*24 -> 1.2 | AD21: 208 | AF21: 生物 | AG21: 8:15 | AH21: - | AI21: 10:18 | AJ21: 0.33333333 | AL21: 0.42916667 | AM21: =(AL21-AJ21)*24 -> 2.3 | AN21: 120 | AQ21: 視覺藝術 (Art Room) | AR21: 8:15 | AS21: - | AT21: 12:57 | AU21: 0.33333333 | AW21: 0.53958333 | AX21: =(AW21-AU21)*24 -> 4.95 | AY21: / | BA21: (Rm 407)中史 | BB21: 8:15 | BC21: - | BD21: 11:04 | BE21: 0.33333333 | BG21: 0.46111111 | BH21: =(BG21-BE21)*24 -> 3.0666667 | BI21: 37 | BJ21: 8:15 | BK21: - | BL21: 13:41 | BM21: 0.33333333 | BO21: 0.41666667 | BP21: =(BO21-BM21)*24 -> 2 | BQ21: 140 | BW21: CKM | BX21: 102 | BY21: =SUM(BZ21:CF21) -> 3.4 | BZ21: =SUMIF(BI$3:BI$36,$BX21,BH$3:BH$36) -> 0 | CA21: =SUMIF(BQ$3:BQ$36,$BX21,BP$3:BP$36) -> 0 | CB21: =SUMIF(J$3:J$36,$BX21,I$3:I$36) -> 0 | CC21: =SUMIF(T$3:T$36,$BX21,S$3:S$36) -> 0 | CD21: =SUMIF(AD$3:AD$36,$BX21,AC$3:AC$36) -> 0 | CE21: =SUMIF(AN$3:AN$36,$BX21,AM$3:AM$36) -> 3.4 | CF21: =SUMIF(AY$3:AY$36,$BX21,AX$3:AX$36) -> 0
B22: 體育 | C22: 9:45 | D22: - | E22: 10:23 | F22: 0.39583333 | H22: 0.43263889 | I22: =(H22-F22)*24 -> 0.88333333 | J22: 206 | L22: 普通話 | M22: 0.37152778 | N22: - | O22: 9:25 | P22: 0.36458333 | R22: 0.39236111 | S22: =(R22-P22)*24 -> 0.66666667 | T22: 85 | V22: 普通電腦 | W22: 9:45 | X22: - | Y22: 10:42 | Z22: 0.39583333 | AB22: 0.44583333 | AC22: =(AB22-Z22)*24 -> 1.2 | AD22: 208 | AH22: - | AM22: =(AL22-AJ22)*24 -> 0 | AS22: - | AX22: =(AW22-AU22)*24 -> 0 | BA22: (STT)中史、VA | BC22: - | BH22: =(BG22-BE22)*24 -> 0 | BK22: - | BM22: 0.41666667 | BO22: 0.5 | BP22: =(BO22-BM22)*24 -> 2 | BQ22: 25 | BW22: LKF | BX22: 103 | BY22: =SUM(BZ22:CF22) -> 4.65 | BZ22: =SUMIF(BI$3:BI$36,$BX22,BH$3:BH$36) -> 0 | CA22: =SUMIF(BQ$3:BQ$36,$BX22,BP$3:BP$36) -> 0 | CB22: =SUMIF(J$3:J$36,$BX22,I$3:I$36) -> 1.5 | CC22: =SUMIF(T$3:T$36,$BX22,S$3:S$36) -> 0 | CD22: =SUMIF(AD$3:AD$36,$BX22,AC$3:AC$36) -> 3.15 | CE22: =SUMIF(AN$3:AN$36,$BX22,AM$3:AM$36) -> 0 | CF22: =SUMIF(AY$3:AY$36,$BX22,AX$3:AX$36) -> 0
I23: =(H23-F23)*24 -> 0 | S23: =(R23-P23)*24 -> 0 | AC23: =(AB23-Z23)*24 -> 0 | AH23: - | AM23: =(AL23-AJ23)*24 -> 0 | AS23: - | AX23: =(AW23-AU23)*24 -> 0 | BC23: - | BH23: =(BG23-BE23)*24 -> 0 | BK23: - | BM23: 0.5 | BO23: 0.57013889 | BP23: =(BO23-BM23)*24 -> 1.6833333 | BQ23: 213 | BW23: CKW | BX23: 112 | BY23: =SUM(BZ23:CF23) -> 5.2166667 | BZ23: =SUMIF(BI$3:BI$36,$BX23,BH$3:BH$36) -> 0 | CA23: =SUMIF(BQ$3:BQ$36,$BX23,BP$3:BP$36) -> 0 | CB23: =SUMIF(J$3:J$36,$BX23,I$3:I$36) -> 0 | CC23: =SUMIF(T$3:T$36,$BX23,S$3:S$36) -> 0 | CD23: =SUMIF(AD$3:AD$36,$BX23,AC$3:AC$36) -> 0 | CE23: =SUMIF(AN$3:AN$36,$BX23,AM$3:AM$36) -> 0 | CF23: =SUMIF(AY$3:AY$36,$BX23,AX$3:AX$36) -> 5.2166667
A24: 21/1/26 Wed | B24: 綜合科學 | C24: 8:15 | D24: - | E24: 9:30 | F24: 0.33333333 | H24: 0.39583333 | I24: =(H24-F24)*24 -> 1.5 | J24: 91 | L24: English Language (Writing) | M24: 8:15 | N24: - | O24: 9:30 | P24: 0.33333333 | R24: 0.39583333 | S24: =(R24-P24)*24 -> 1.5 | T24: 198 | V24: 生物 | W24: 8:15 | X24: - | Y24: 9:12 | Z24: 0.33333333 | AB24: 0.38333333 | AC24: =(AB24-Z24)*24 -> 1.2 | AD24: 103 | AF24: 資訊及通訊科技 | AG24: 8:15 | AH24: - | AI24: 9:30 | AJ24: 0.33333333 | AL24: 0.39583333 | AM24: =(AL24-AJ24)*24 -> 1.5 | AN24: 186 | AQ24: 生物 | AR24: 8:15 | AS24: - | AT24: 11:00 | AU24: 0.33333333 | AW24: 0.39583333 | AX24: =(AW24-AU24)*24 -> 1.5 | AY24: 224 | BA24: 化學 1 | BB24: 8:15 | BC24: - | BD24: 11:43 | BE24: 0.33333333 | BG24: 0.39930556 | BH24: =(BG24-BE24)*24 -> 1.5833333 | BI24: 114 | BK24: - | BW24: CYP | BX24: 114 | BY24: =SUM(BZ24:CF24) -> 5.7166667 | BZ24: =SUMIF(BI$3:BI$36,$BX24,BH$3:BH$36) -> 5.7166667 | CA24: =SUMIF(BQ$3:BQ$36,$BX24,BP$3:BP$36) -> 0 | CB24: =SUMIF(J$3:J$36,$BX24,I$3:I$36) -> 0 | CC24: =SUMIF(T$3:T$36,$BX24,S$3:S$36) -> 0 | CD24: =SUMIF(AD$3:AD$36,$BX24,AC$3:AC$36) -> 0 | CE24: =SUMIF(AN$3:AN$36,$BX24,AM$3:AM$36) -> 0 | CF24: =SUMIF(AY$3:AY$36,$BX24,AX$3:AX$36) -> 0
B25: 中國語文 4 (說話能力) | D25: - | I25: =(H25-F25)*24 -> 0 | L25: English Language (Listening) | M25: 10:00 | N25: - | O25: 10:30 | P25: 0.40625 | R25: 0.4375 | S25: =(R25-P25)*24 -> 0.75 | T25: 198 | V25: 中國歷史 | W25: 9:45 | X25: - | Y25: 10:42 | Z25: 0.39583333 | AB25: 0.44583333 | AC25: =(AB25-Z25)*24 -> 1.2 | AD25: 103 | AF25: 經濟 | AH25: - | AJ25: 0.39583333 | AL25: 0.45833333 | AM25: =(AL25-AJ25)*24 -> 1.5 | AS25: - | AU25: 0.39583333 | AW25: 0.45833333 | AX25: =(AW25-AU25)*24 -> 1.5 | AY25: 112 | BA25: 化學 2 | BB25: 12:15 | BC25: - | BD25: 13:30 | BE25: 0.39930556 | BG25: 0.48819444 | BH25: =(BG25-BE25)*24 -> 2.1333333 | BI25: 129 | BK25: - | BW25: WYC | BX25: 120 | BY25: =SUM(BZ25:CF25) -> 4.6 | BZ25: =SUMIF(BI$3:BI$36,$BX25,BH$3:BH$36) -> 0 | CA25: =SUMIF(BQ$3:BQ$36,$BX25,BP$3:BP$36) -> 0 | CB25: =SUMIF(J$3:J$36,$BX25,I$3:I$36) -> 0 | CC25: =SUMIF(T$3:T$36,$BX25,S$3:S$36) -> 0 | CD25: =SUMIF(AD$3:AD$36,$BX25,AC$3:AC$36) -> 0 | CE25: =SUMIF(AN$3:AN$36,$BX25,AM$3:AM$36) -> 4.6 | CF25: =SUMIF(AY$3:AY$36,$BX25,AX$3:AX$36) -> 0
I26: =(H26-F26)*24 -> 0 | S26: =(R26-P26)*24 -> 0 | AC26: =(AB26-Z26)*24 -> 0 | AF26: 體育 | AH26: - | AM26: =(AL26-AJ26)*24 -> 0 | AS26: - | AX26: =(AW26-AU26)*24 -> 0 | BC26: - | BE26: 0.5 | BG26: 0.5625 | BH26: =(BG26-BE26)*24 -> 1.5 | BI26: 25 | BK26: - | BW26: LHY | BX26: 128 | BY26: =SUM(BZ26:CF26) -> 1.5 | BZ26: =SUMIF(BI$3:BI$36,$BX26,BH$3:BH$36) -> 0 | CA26: =SUMIF(BQ$3:BQ$36,$BX26,BP$3:BP$36) -> 0 | CB26: =SUMIF(J$3:J$36,$BX26,I$3:I$36) -> 0 | CC26: =SUMIF(T$3:T$36,$BX26,S$3:S$36) -> 1.5 | CD26: =SUMIF(AD$3:AD$36,$BX26,AC$3:AC$36) -> 0 | CE26: =SUMIF(AN$3:AN$36,$BX26,AM$3:AM$36) -> 0 | CF26: =SUMIF(AY$3:AY$36,$BX26,AX$3:AX$36) -> 0
A27: 22/1/26 Thur | B27: 公民、經濟與社會 | C27: 8:15 | D27: - | E27: 9:12 | F27: 0.33333333 | H27: 0.38333333 | I27: =(H27-F27)*24 -> 1.2 | J27: 213 | L27: 中國歷史 | M27: 8:15 | N27: - | O27: 9:12 | P27: 0.33333333 | R27: 0.38333333 | S27: =(R27-P27)*24 -> 1.2 | T27: 210 | V27: English Language (Listening) | W27: 8:15 | X27: - | Y27: 8:45 | Z27: 0.33333333 | AB27: 0.36458333 | AC27: =(AB27-Z27)*24 -> 0.75 | AD27: 103 | AF27: 企業、會計與財務概論 | AG27: 8:15 | AH27: - | AI27: 9:30 | AJ27: 0.33333333 | AL27: 0.39583333 | AM27: =(AL27-AJ27)*24 -> 1.5 | AN27: 102 | AQ27: 化學 | AR27: 8:15 | AS27: - | AT27: 10:45 | AU27: 0.33333333 | AW27: 0.44791667 | AX27: =(AW27-AU27)*24 -> 2.75 | AY27: 202 | BA27: (Rm 407)經濟、體育 | BB27: 8:15 | BC27: - | BD27: 13:28 | BE27: 0.33333333 | BG27: 0.41666667 | BH27: =(BG27-BE27)*24 -> 2 | BI27: 114 | BK27: - | BW27: HNY | BX27: 129 | BY27: =SUM(BZ27:CF27) -> 2.1333333 | BZ27: =SUMIF(BI$3:BI$36,$BX27,BH$3:BH$36) -> 2.1333333 | CA27: =SUMIF(BQ$3:BQ$36,$BX27,BP$3:BP$36) -> 0 | CB27: =SUMIF(J$3:J$36,$BX27,I$3:I$36) -> 0 | CC27: =SUMIF(T$3:T$36,$BX27,S$3:S$36) -> 0 | CD27: =SUMIF(AD$3:AD$36,$BX27,AC$3:AC$36) -> 0 | CE27: =SUMIF(AN$3:AN$36,$BX27,AM$3:AM$36) -> 0 | CF27: =SUMIF(AY$3:AY$36,$BX27,AX$3:AX$36) -> 0
B28: English Language (Listening) | C28: 9:45 | D28: - | E28: 10:15 | F28: 0.39583333 | H28: 0.42708333 | I28: =(H28-F28)*24 -> 0.75 | J28: 213 | L28: 體育 | M28: 9:45 | N28: - | O28: 10:23 | P28: 0.39583333 | R28: 0.43263889 | S28: =(R28-P28)*24 -> 0.88333333 | T28: 210 | V28: English Language (Speaking) | X28: - | AC28: =(AB28-Z28)*24 -> 0 | AF28: 地理 | AH28: - | AM28: =(AL28-AJ28)*24 -> 0 | AS28: - | AX28: =(AW28-AU28)*24 -> 0 | BC28: - | BE28: 0.41666667 | BG28: 0.5 | BH28: =(BG28-BE28)*24 -> 2 | BI28: 138 | BK28: - | BW28: HBL | BX28: 134 | BY28: =SUM(BZ28:CF28) -> 2.3 | BZ28: =SUMIF(BI$3:BI$36,$BX28,BH$3:BH$36) -> 0 | CA28: =SUMIF(BQ$3:BQ$36,$BX28,BP$3:BP$36) -> 0 | CB28: =SUMIF(J$3:J$36,$BX28,I$3:I$36) -> 0 | CC28: =SUMIF(T$3:T$36,$BX28,S$3:S$36) -> 0 | CD28: =SUMIF(AD$3:AD$36,$BX28,AC$3:AC$36) -> 0 | CE28: =SUMIF(AN$3:AN$36,$BX28,AM$3:AM$36) -> 0 | CF28: =SUMIF(AY$3:AY$36,$BX28,AX$3:AX$36) -> 2.3
I29: =(H29-F29)*24 -> 0 | S29: =(R29-P29)*24 -> 0 | AC29: =(AB29-Z29)*24 -> 0 | AF29: 倫理與宗教 | AH29: - | AM29: =(AL29-AJ29)*24 -> 0 | AS29: - | AX29: =(AW29-AU29)*24 -> 0 | BC29: - | BE29: 0.5 | BG29: 0.56111111 | BH29: =(BG29-BE29)*24 -> 1.4666667 | BI29: 37 | BK29: - | BW29: CHB | BX29: 137 | BY29: =SUM(BZ29:CF29) -> 2.4 | BZ29: =SUMIF(BI$3:BI$36,$BX29,BH$3:BH$36) -> 0 | CA29: =SUMIF(BQ$3:BQ$36,$BX29,BP$3:BP$36) -> 0 | CB29: =SUMIF(J$3:J$36,$BX29,I$3:I$36) -> 0 | CC29: =SUMIF(T$3:T$36,$BX29,S$3:S$36) -> 0 | CD29: =SUMIF(AD$3:AD$36,$BX29,AC$3:AC$36) -> 2.4 | CE29: =SUMIF(AN$3:AN$36,$BX29,AM$3:AM$36) -> 0 | CF29: =SUMIF(AY$3:AY$36,$BX29,AX$3:AX$36) -> 0
A30: 23/1/26 Fri | B30: 中國語文 3 (聆聽能力) | C30: 8:15 | D30: - | E30: 8:45 | F30: 0.33333333 | H30: 0.36458333 | I30: =(H30-F30)*24 -> 0.75 | J30: 78 | L30: 綜合科學 | M30: 8:15 | N30: - | O30: 9:30 | P30: 0.33333333 | R30: 0.39583333 | S30: =(R30-P30)*24 -> 1.5 | T30: 49 | V30: 基本商業 | W30: 8:15 | X30: - | Y30: 9:12 | Z30: 0.33333333 | AB30: 0.38333333 | AC30: =(AB30-Z30)*24 -> 1.2 | AD30: 92 | AF30: 物理 | AG30: 8:15 | AH30: - | AI30: 10:18 | AJ30: 0.33333333 | AL30: 0.42916667 | AM30: =(AL30-AJ30)*24 -> 2.3 | AN30: 214 | AQ30: 體育 | AR30: 8:15 | AS30: - | AT30: 11:00 | AU30: 0.33333333 | AW30: 0.39583333 | AX30: =(AW30-AU30)*24 -> 1.5 | AY30: 73 | BA30: 生物 1 | BB30: 8:15 | BC30: - | BD30: 11:43 | BE30: 0.33333333 | BG30: 0.39930556 | BH30: =(BG30-BE30)*24 -> 1.5833333 | BI30: 37 | BK30: - | BW30: LWY | BX30: 138 | BY30: =SUM(BZ30:CF30) -> 5.4833333 | BZ30: =SUMIF(BI$3:BI$36,$BX30,BH$3:BH$36) -> 3.9833333 | CA30: =SUMIF(BQ$3:BQ$36,$BX30,BP$3:BP$36) -> 0 | CB30: =SUMIF(J$3:J$36,$BX30,I$3:I$36) -> 0 | CC30: =SUMIF(T$3:T$36,$BX30,S$3:S$36) -> 0 | CD30: =SUMIF(AD$3:AD$36,$BX30,AC$3:AC$36) -> 0 | CE30: =SUMIF(AN$3:AN$36,$BX30,AM$3:AM$36) -> 1.5 | CF30: =SUMIF(AY$3:AY$36,$BX30,AX$3:AX$36) -> 0
B31: 普通話 | C31: 8:55 | D31: - | E31: 9:25 | F31: 0.36458333 | H31: 0.39236111 | I31: =(H31-F31)*24 -> 0.66666667 | J31: 78 | L31: English Language (Speaking) | N31: - | S31: =(R31-P31)*24 -> 0 | V31: 體育 | W31: 9:45 | X31: - | Y31: 10:23 | Z31: 0.39583333 | AB31: 0.43263889 | AC31: =(AB31-Z31)*24 -> 0.88333333 | AD31: 92 | AF31: 視覺藝術(Art Room) | AG31: 8:15 | AH31: - | AI31: 12:57 | AJ31: 0.33333333 | AL31: 0.53958333 | AM31: =(AL31-AJ31)*24 -> 4.95 | AN31: / | AQ31: 資訊及通訊科技 | AS31: - | AU31: 0.39583333 | AW31: 0.45833333 | AX31: =(AW31-AU31)*24 -> 1.5 | AY31: 161 | BA31: 生物 2 | BB31: 12:15 | BC31: - | BD31: 13:30 | BE31: 0.39930556 | BG31: 0.48819444 | BH31: =(BG31-BE31)*24 -> 2.1333333 | BI31: 114 | BK31: - | BW31: LCM | BX31: 140 | BY31: =SUM(BZ31:CF31) -> 7.4 | BZ31: =SUMIF(BI$3:BI$36,$BX31,BH$3:BH$36) -> 1.4 | CA31: =SUMIF(BQ$3:BQ$36,$BX31,BP$3:BP$36) -> 6 | CB31: =SUMIF(J$3:J$36,$BX31,I$3:I$36) -> 0 | CC31: =SUMIF(T$3:T$36,$BX31,S$3:S$36) -> 0 | CD31: =SUMIF(AD$3:AD$36,$BX31,AC$3:AC$36) -> 0 | CE31: =SUMIF(AN$3:AN$36,$BX31,AM$3:AM$36) -> 0 | CF31: =SUMIF(AY$3:AY$36,$BX31,AX$3:AX$36) -> 0
D32: - | I32: =(H32-F32)*24 -> 0 | S32: =(R32-P32)*24 -> 0 | X32: - | AC32: =(AB32-Z32)*24 -> 0 | AH32: - | AM32: =(AL32-AJ32)*24 -> 0 | AQ32: 經濟 | AS32: - | AX32: =(AW32-AU32)*24 -> 0 | BC32: - | BE32: 0.5 | BG32: 0.5625 | BH32: =(BG32-BE32)*24 -> 1.5 | BI32: 211 | BK32: - | BW32: LSY | BX32: 141 | BY32: =SUM(BZ32:CF32) -> 2.9166667 | BZ32: =SUMIF(BI$3:BI$36,$BX32,BH$3:BH$36) -> 0 | CA32: =SUMIF(BQ$3:BQ$36,$BX32,BP$3:BP$36) -> 0 | CB32: =SUMIF(J$3:J$36,$BX32,I$3:I$36) -> 0 | CC32: =SUMIF(T$3:T$36,$BX32,S$3:S$36) -> 0 | CD32: =SUMIF(AD$3:AD$36,$BX32,AC$3:AC$36) -> 0 | CE32: =SUMIF(AN$3:AN$36,$BX32,AM$3:AM$36) -> 2.9166667 | CF32: =SUMIF(AY$3:AY$36,$BX32,AX$3:AX$36) -> 0
A33: 28/1/26 Wed Day 1 | BA33: 數學 延伸部份 (單元一) | BB33: 8:15 | BC33: - | BD33: 11:23 | BE33: 0.33333333 | BG33: 0.39930556 | BH33: 1.5833333 | BI33: 222 | BK33: - | BW33: CTY | BX33: 152 | BY33: =SUM(BZ33:CF33) -> 0 | BZ33: =SUMIF(BI$3:BI$36,$BX33,BH$3:BH$36) -> 0 | CA33: =SUMIF(BQ$3:BQ$36,$BX33,BP$3:BP$36) -> 0 | CB33: =SUMIF(J$3:J$36,$BX33,I$3:I$36) -> 0 | CC33: =SUMIF(T$3:T$36,$BX33,S$3:S$36) -> 0 | CD33: =SUMIF(AD$3:AD$36,$BX33,AC$3:AC$36) -> 0 | CE33: =SUMIF(AN$3:AN$36,$BX33,AM$3:AM$36) -> 0 | CF33: =SUMIF(AY$3:AY$36,$BX33,AX$3:AX$36) -> 0
BE34: 0.39930556 | BG34: 0.47430556 | BH34: 1.8 | BI34: 204 | BK34: - | BW34: CKY | BX34: 153 | BY34: =SUM(BZ34:CF34) -> 1.5 | BZ34: =SUMIF(BI$3:BI$36,$BX34,BH$3:BH$36) -> 0 | CA34: =SUMIF(BQ$3:BQ$36,$BX34,BP$3:BP$36) -> 0 | CB34: =SUMIF(J$3:J$36,$BX34,I$3:I$36) -> 0 | CC34: =SUMIF(T$3:T$36,$BX34,S$3:S$36) -> 0 | CD34: =SUMIF(AD$3:AD$36,$BX34,AC$3:AC$36) -> 0 | CE34: =SUMIF(AN$3:AN$36,$BX34,AM$3:AM$36) -> 0 | CF34: =SUMIF(AY$3:AY$36,$BX34,AX$3:AX$36) -> 1.5
BC35: - | BK35: - | BW35: NWY | BX35: 161 | BY35: =SUM(BZ35:CF35) -> 1.5 | BZ35: =SUMIF(BI$3:BI$36,$BX35,BH$3:BH$36) -> 0 | CA35: =SUMIF(BQ$3:BQ$36,$BX35,BP$3:BP$36) -> 0 | CB35: =SUMIF(J$3:J$36,$BX35,I$3:I$36) -> 0 | CC35: =SUMIF(T$3:T$36,$BX35,S$3:S$36) -> 0 | CD35: =SUMIF(AD$3:AD$36,$BX35,AC$3:AC$36) -> 0 | CE35: =SUMIF(AN$3:AN$36,$BX35,AM$3:AM$36) -> 0 | CF35: =SUMIF(AY$3:AY$36,$BX35,AX$3:AX$36) -> 1.5
BC36: - | BK36: - | BW36: DWL | BX36: 181 | BY36: =SUM(BZ36:CF36) -> 3.4 | BZ36: =SUMIF(BI$3:BI$36,$BX36,BH$3:BH$36) -> 0 | CA36: =SUMIF(BQ$3:BQ$36,$BX36,BP$3:BP$36) -> 0 | CB36: =SUMIF(J$3:J$36,$BX36,I$3:I$36) -> 0 | CC36: =SUMIF(T$3:T$36,$BX36,S$3:S$36) -> 0 | CD36: =SUMIF(AD$3:AD$36,$BX36,AC$3:AC$36) -> 0 | CE36: =SUMIF(AN$3:AN$36,$BX36,AM$3:AM$36) -> 0 | CF36: =SUMIF(AY$3:AY$36,$BX36,AX$3:AX$36) -> 3.4
BW37: TCH | BX37: 186 | BY37: =SUM(BZ37:CF37) -> 3.8 | BZ37: =SUMIF(BI$3:BI$36,$BX37,BH$3:BH$36) -> 0 | CA37: =SUMIF(BQ$3:BQ$36,$BX37,BP$3:BP$36) -> 0 | CB37: =SUMIF(J$3:J$36,$BX37,I$3:I$36) -> 0 | CC37: =SUMIF(T$3:T$36,$BX37,S$3:S$36) -> 0 | CD37: =SUMIF(AD$3:AD$36,$BX37,AC$3:AC$36) -> 0 | CE37: =SUMIF(AN$3:AN$36,$BX37,AM$3:AM$36) -> 3.8 | CF37: =SUMIF(AY$3:AY$36,$BX37,AX$3:AX$36) -> 0
BW38: LHY | BX38: 196 | BY38: =SUM(BZ38:CF38) -> 2.3 | BZ38: =SUMIF(BI$3:BI$36,$BX38,BH$3:BH$36) -> 0 | CA38: =SUMIF(BQ$3:BQ$36,$BX38,BP$3:BP$36) -> 0 | CB38: =SUMIF(J$3:J$36,$BX38,I$3:I$36) -> 0 | CC38: =SUMIF(T$3:T$36,$BX38,S$3:S$36) -> 0 | CD38: =SUMIF(AD$3:AD$36,$BX38,AC$3:AC$36) -> 0 | CE38: =SUMIF(AN$3:AN$36,$BX38,AM$3:AM$36) -> 2.3 | CF38: =SUMIF(AY$3:AY$36,$BX38,AX$3:AX$36) -> 0
BW39: YLS | BX39: 198 | BY39: =SUM(BZ39:CF39) -> 4.0666667 | BZ39: =SUMIF(BI$3:BI$36,$BX39,BH$3:BH$36) -> 0 | CA39: =SUMIF(BQ$3:BQ$36,$BX39,BP$3:BP$36) -> 0 | CB39: =SUMIF(J$3:J$36,$BX39,I$3:I$36) -> 0 | CC39: =SUMIF(T$3:T$36,$BX39,S$3:S$36) -> 4.0666667 | CD39: =SUMIF(AD$3:AD$36,$BX39,AC$3:AC$36) -> 0 | CE39: =SUMIF(AN$3:AN$36,$BX39,AM$3:AM$36) -> 0 | CF39: =SUMIF(AY$3:AY$36,$BX39,AX$3:AX$36) -> 0
BW40: WSY | BX40: 202 | BY40: =SUM(BZ40:CF40) -> 5.05 | BZ40: =SUMIF(BI$3:BI$36,$BX40,BH$3:BH$36) -> 0 | CA40: =SUMIF(BQ$3:BQ$36,$BX40,BP$3:BP$36) -> 0 | CB40: =SUMIF(J$3:J$36,$BX40,I$3:I$36) -> 0 | CC40: =SUMIF(T$3:T$36,$BX40,S$3:S$36) -> 0 | CD40: =SUMIF(AD$3:AD$36,$BX40,AC$3:AC$36) -> 0 | CE40: =SUMIF(AN$3:AN$36,$BX40,AM$3:AM$36) -> 0 | CF40: =SUMIF(AY$3:AY$36,$BX40,AX$3:AX$36) -> 5.05
BW41: CCH | BX41: 203 | BY41: =SUM(BZ41:CF41) -> 4.65 | BZ41: =SUMIF(BI$3:BI$36,$BX41,BH$3:BH$36) -> 0 | CA41: =SUMIF(BQ$3:BQ$36,$BX41,BP$3:BP$36) -> 0 | CB41: =SUMIF(J$3:J$36,$BX41,I$3:I$36) -> 0 | CC41: =SUMIF(T$3:T$36,$BX41,S$3:S$36) -> 0 | CD41: =SUMIF(AD$3:AD$36,$BX41,AC$3:AC$36) -> 0 | CE41: =SUMIF(AN$3:AN$36,$BX41,AM$3:AM$36) -> 0 | CF41: =SUMIF(AY$3:AY$36,$BX41,AX$3:AX$36) -> 4.65
BW42: WWM | BX42: 204 | BY42: =SUM(BZ42:CF42) -> 3.1333333 | BZ42: =SUMIF(BI$3:BI$36,$BX42,BH$3:BH$36) -> 1.8 | CA42: =SUMIF(BQ$3:BQ$36,$BX42,BP$3:BP$36) -> 0 | CB42: =SUMIF(J$3:J$36,$BX42,I$3:I$36) -> 0 | CC42: =SUMIF(T$3:T$36,$BX42,S$3:S$36) -> 0 | CD42: =SUMIF(AD$3:AD$36,$BX42,AC$3:AC$36) -> 1.3333333 | CE42: =SUMIF(AN$3:AN$36,$BX42,AM$3:AM$36) -> 0 | CF42: =SUMIF(AY$3:AY$36,$BX42,AX$3:AX$36) -> 0
BW43: CSC | BX43: 205 | BY43: =SUM(BZ43:CF43) -> 0 | BZ43: =SUMIF(BI$3:BI$36,$BX43,BH$3:BH$36) -> 0 | CA43: =SUMIF(BQ$3:BQ$36,$BX43,BP$3:BP$36) -> 0 | CB43: =SUMIF(J$3:J$36,$BX43,I$3:I$36) -> 0 | CC43: =SUMIF(T$3:T$36,$BX43,S$3:S$36) -> 0 | CD43: =SUMIF(AD$3:AD$36,$BX43,AC$3:AC$36) -> 0 | CE43: =SUMIF(AN$3:AN$36,$BX43,AM$3:AM$36) -> 0 | CF43: =SUMIF(AY$3:AY$36,$BX43,AX$3:AX$36) -> 0
BW44: TFC | BX44: 206 | BY44: =SUM(BZ44:CF44) -> 3.5833333 | BZ44: =SUMIF(BI$3:BI$36,$BX44,BH$3:BH$36) -> 0 | CA44: =SUMIF(BQ$3:BQ$36,$BX44,BP$3:BP$36) -> 0 | CB44: =SUMIF(J$3:J$36,$BX44,I$3:I$36) -> 3.5833333 | CC44: =SUMIF(T$3:T$36,$BX44,S$3:S$36) -> 0 | CD44: =SUMIF(AD$3:AD$36,$BX44,AC$3:AC$36) -> 0 | CE44: =SUMIF(AN$3:AN$36,$BX44,AM$3:AM$36) -> 0 | CF44: =SUMIF(AY$3:AY$36,$BX44,AX$3:AX$36) -> 0
BW45: CHL | BX45: 208 | BY45: =SUM(BZ45:CF45) -> 5.4 | BZ45: =SUMIF(BI$3:BI$36,$BX45,BH$3:BH$36) -> 0 | CA45: =SUMIF(BQ$3:BQ$36,$BX45,BP$3:BP$36) -> 0 | CB45: =SUMIF(J$3:J$36,$BX45,I$3:I$36) -> 0 | CC45: =SUMIF(T$3:T$36,$BX45,S$3:S$36) -> 0 | CD45: =SUMIF(AD$3:AD$36,$BX45,AC$3:AC$36) -> 5.4 | CE45: =SUMIF(AN$3:AN$36,$BX45,AM$3:AM$36) -> 0 | CF45: =SUMIF(AY$3:AY$36,$BX45,AX$3:AX$36) -> 0
BW46: LCK | BX46: 209 | BY46: =SUM(BZ46:CF46) -> 1.5 | BZ46: =SUMIF(BI$3:BI$36,$BX46,BH$3:BH$36) -> 0 | CA46: =SUMIF(BQ$3:BQ$36,$BX46,BP$3:BP$36) -> 0 | CB46: =SUMIF(J$3:J$36,$BX46,I$3:I$36) -> 0 | CC46: =SUMIF(T$3:T$36,$BX46,S$3:S$36) -> 0 | CD46: =SUMIF(AD$3:AD$36,$BX46,AC$3:AC$36) -> 0 | CE46: =SUMIF(AN$3:AN$36,$BX46,AM$3:AM$36) -> 1.5 | CF46: =SUMIF(AY$3:AY$36,$BX46,AX$3:AX$36) -> 0
BW47: CYC | BX47: 210 | BY47: =SUM(BZ47:CF47) -> 3.2833333 | BZ47: =SUMIF(BI$3:BI$36,$BX47,BH$3:BH$36) -> 0 | CA47: =SUMIF(BQ$3:BQ$36,$BX47,BP$3:BP$36) -> 0 | CB47: =SUMIF(J$3:J$36,$BX47,I$3:I$36) -> 0 | CC47: =SUMIF(T$3:T$36,$BX47,S$3:S$36) -> 3.2833333 | CD47: =SUMIF(AD$3:AD$36,$BX47,AC$3:AC$36) -> 0 | CE47: =SUMIF(AN$3:AN$36,$BX47,AM$3:AM$36) -> 0 | CF47: =SUMIF(AY$3:AY$36,$BX47,AX$3:AX$36) -> 0
BW48: CPK | BX48: 211 | BY48: =SUM(BZ48:CF48) -> 4.5 | BZ48: =SUMIF(BI$3:BI$36,$BX48,BH$3:BH$36) -> 1.5 | CA48: =SUMIF(BQ$3:BQ$36,$BX48,BP$3:BP$36) -> 0 | CB48: =SUMIF(J$3:J$36,$BX48,I$3:I$36) -> 0 | CC48: =SUMIF(T$3:T$36,$BX48,S$3:S$36) -> 0 | CD48: =SUMIF(AD$3:AD$36,$BX48,AC$3:AC$36) -> 3 | CE48: =SUMIF(AN$3:AN$36,$BX48,AM$3:AM$36) -> 0 | CF48: =SUMIF(AY$3:AY$36,$BX48,AX$3:AX$36) -> 0
... BW62: Ho PY | BX62: 240 | BY62: =SUM(BZ62:CF62) -> 3.55 | BZ62: =SUMIF(BI$3:BI$36,$BX62,BH$3:BH$36) -> 2.3 | CA62: =SUMIF(BQ$3:BQ$36,$BX62,BP$3:BP$36) -> 0 | CB62: =SUMIF(J$3:J$36,$BX62,I$3:I$36) -> 0 | CC62: =SUMIF(T$3:T$36,$BX62,S$3:S$36) -> 0 | CD62: =SUMIF(AD$3:AD$36,$BX62,AC$3:AC$36) -> 0 | CE62: =SUMIF(AN$3:AN$36,$BX62,AM$3:AM$36) -> 1.25 | CF62: =SUMIF(AY$3:AY$36,$BX62,AX$3:AX$36) -> 0
BY63: =SUM(BZ63:CF63) -> 0 | BZ63: =SUMIF(BI$3:BI$36,$BX63,BH$3:BH$36) -> 0 | CA63: =SUMIF(BQ$3:BQ$36,$BX63,BP$3:BP$36) -> 0 | CB63: =SUMIF(J$3:J$36,$BX63,I$3:I$36) -> 0 | CC63: =SUMIF(T$3:T$36,$BX63,S$3:S$36) -> 0 | CD63: =SUMIF(AD$3:AD$36,$BX63,AC$3:AC$36) -> 0 | CE63: =SUMIF(AN$3:AN$36,$BX63,AM$3:AM$36) -> 0 | CF63: =SUMIF(AY$3:AY$36,$BX63,AX$3:AX$36) -> 0

Sheet S6 Final Exam Workload
B1: VERSION 10.12.2024 | K1: S6 FINAL EXAM | O1: =B1 -> VERSION 10.12.2024 | Q1: ='[1]S6 FINAL EXAM'!#REF! -> #REF! | AA1: 1
A2: TEACHERS | B2: Code | C2: S6 Inv. Time | F2: S6 SEN Invigilation | G2: OTHER DUTIES | H2: Discipline | J2: Chi/Eng/Pu Speaking | K2: TOTAL INVIL. TIME | L2: RATIO | M2: INVIL. DUTY TO BE FULFILLED | N2: PREVIOUS | O2: BALANCE | P2: Teachers' Name | Q2: Code | S2: English Panel | T2: E1 | U2: E2 | V2: E3 | W2: E4 | X2: E5 | Y2: E6
A3: LYY | B3: 3 | J3: =AA3 -> 0 | P3: =A3 -> LYY | Q3: =B3 -> 3 | S3: 3 | Z3: =SUM(T3:Y3) -> 0 | AA3: =T3+SUM(U3:Y3)*AA$1 -> 0
A4: LMT | B4: 4 | P4: =A4 -> LMT | Q4: =B4 -> 4 | S4: 22 | Z4: =SUM(T4:Y4) -> 0 | AA4: =T4+SUM(U4:Y4)*AA$1 -> 0
A5: LWH | B5: 5 | P5: =A5 -> LWH | Q5: =B5 -> 5 | S5: 39 | Z5: =SUM(T5:Y5) -> 0 | AA5: =T5+SUM(U5:Y5)*AA$1 -> 0
A6: LWT | B6: 20 | P6: =A6 -> LWT | Q6: =B6 -> 20 | S6: 67 | Z6: =SUM(T6:Y6) -> 0 | AA6: =T6+SUM(U6:Y6)*AA$1 -> 0 | AF6: 突
A7: WWY | B7: 22 | J7: =AA4 -> 0 | P7: =A7 -> WWY | Q7: =B7 -> 22 | S7: 76 | Z7: =SUM(T7:Y7) -> 0 | AA7: =T7+SUM(U7:Y7)*AA$1 -> 0
A8: LCS | B8: 25 | P8: =A8 -> LCS | Q8: =B8 -> 25 | S8: 85 | Z8: =SUM(T8:Y8) -> 0 | AA8: =T8+SUM(U8:Y8)*AA$1 -> 0
A9: LPK | B9: 32 | P9: =A9 -> LPK | Q9: =B9 -> 32 | S9: 128 | Z9: =SUM(T9:Y9) -> 0 | AA9: =T9+SUM(U9:Y9)*AA$1 -> 0
A10: WLP | B10: 37 | P10: =A10 -> WLP | Q10: =B10 -> 37 | S10: 135 | Z10: =SUM(T10:Y10) -> 0 | AA10: =T10+SUM(U10:Y10)*AA$1 -> 0
A11: CML | B11: 39 | J11: =AA5 -> 0 | P11: =A11 -> CML | Q11: =B11 -> 39 | Z11: =SUM(T11:Y11) -> 0 | AA11: =T11+SUM(U11:Y11)*AA$1 -> 0
A12: TCH | B12: 49 | P12: =A12 -> TCH | Q12: =B12 -> 49 | S12: 190 | Z12: =SUM(T12:Y12) -> 0 | AA12: =T12+SUM(U12:Y12)*AA$1 -> 0
A13: LTN | B13: 67 | J13: =AA6 -> 0 | P13: =A13 -> LTN | Q13: =B13 -> 67 | S13: 214 | Z13: =SUM(T13:Y13) -> 0 | AA13: =T13+SUM(U13:Y13)*AA$1 -> 0
A14: LPC | B14: 72 | P14: =A14 -> LPC | Q14: =B14 -> 72 | S14: 222 | Z14: =SUM(T14:Y14) -> 0 | AA14: =T14+SUM(U14:Y14)*AA$1 -> 0
A15: LHK | B15: 73 | P15: =A15 -> LHK | Q15: =B15 -> 73 | Z15: =SUM(T15:Y15) -> 0 | AA15: =T15+SUM(U15:Y15)*AA$1 -> 0
A16: WWY | B16: 76 | J16: =AA7 -> 0 | P16: =A16 -> WWY | Q16: =B16 -> 76 | Z16: =SUM(T16:Y16) -> 0 | AA16: =T16+SUM(U16:Y16)*AA$1 -> 0
A17: LKC | B17: 78 | P17: =A17 -> LKC | Q17: =B17 -> 78 | Z17: =SUM(T17:Y17) -> 0 | AA17: =T17+SUM(U17:Y17)*AA$1 -> 0
A18: KKW | B18: 84 | P18: =A18 -> KKW | Q18: =B18 -> 84 | Z18: =SUM(T18:Y18) -> 0 | AA18: =T18+SUM(U18:Y18)*AA$1 -> 0
A19: AT | B19: 85 | P19: =A19 -> AT | Q19: =B19 -> 85 | Z19: =SUM(T19:Y19) -> 0 | AA19: =T19+SUM(U19:Y19)*AA$1 -> 0
A20: KSC | B20: 86 | P20: =A20 -> KSC | Q20: =B20 -> 86 | Z20: =SUM(T20:Y20) -> 0 | AA20: =T20+SUM(U20:Y20)*AA$1 -> 0
A21: LKL | B21: 90 | P21: =A21 -> LKL | Q21: =B21 -> 90 | S21: Duration | AA21: =SUM(AA3:AA20) -> 0
A22: KLH | B22: 91 | P22: =A22 -> KLH | Q22: =B22 -> 91
A23: CKS | B23: 92 | P23: =A23 -> CKS | Q23: =B23 -> 92
A24: CKM | B24: 102 | P24: =A24 -> CKM | Q24: =B24 -> 102 | S24: Chinese Panel | T24: C1 | U24: C2 | V24: C3
A25: LKF | B25: 103 | P25: =A25 -> LKF | Q25: =B25 -> 103 | S25: 72 | AA25: =SUM(T25:Z25) -> 0
A26: CKW | B26: 112 | P26: =A26 -> CKW | Q26: =B26 -> 112 | S26: 86 | AA26: =SUM(T26:Z26) -> 0
A27: LWK | B27: 113 | P27: =A27 -> LWK | Q27: =B27 -> 113 | S27: 90 | AA27: =SUM(T27:Z27) -> 0
A28: CYP | B28: 114 | P28: =A28 -> CYP | Q28: =B28 -> 114 | S28: 102 | AA28: =SUM(T28:Z28) -> 0
A29: LWC | B29: 117 | P29: =A29 -> LWC | Q29: =B29 -> 117 | S29: 137 | AA29: =SUM(T29:Z29) -> 0
A30: WYC | B30: 120 | P30: =A30 -> WYC | Q30: =B30 -> 120 | S30: 138 | AA30: =SUM(T30:Z30) -> 0
A31: LHY | B31: 128 | J31: =AA9 -> 0 | P31: =A31 -> LHY | Q31: =B31 -> 128 | S31: 141 | AA31: =SUM(T31:Z31) -> 0
A32: HNY | B32: 129 | P32: =A32 -> HNY | Q32: =B32 -> 129 | S32: 152 | AA32: =SUM(T32:Z32) -> 0
A33: HBL | B33: 134 | P33: =A33 -> HBL | Q33: =B33 -> 134 | S33: 181 | AA33: =SUM(T33:Z33) -> 0
A34: WWS | B34: 135 | J34: =AA10 -> 0 | P34: =A34 -> WWS | Q34: =B34 -> 135 | AA34: =SUM(T34:Z34) -> 0
A35: CHB | B35: 137 | P35: =A35 -> CHB | Q35: =B35 -> 137 | S35: 204 | AA35: =SUM(T35:Z35) -> 0
A36: LWY | B36: 138 | P36: =A36 -> LWY | Q36: =B36 -> 138 | S36: 209 | AA36: =SUM(T36:Z36) -> 0
A37: LCM | B37: 140 | P37: =A37 -> LCM | Q37: =B37 -> 140 | S37: 213 | AA37: =SUM(T37:Z37) -> 0
A38: LSY | B38: 141 | P38: =A38 -> LSY | Q38: =B38 -> 141 | S38: 217 | AA38: =SUM(T38:Z38) -> 0
A39: CTY | B39: 152 | P39: =A39 -> CTY | Q39: =B39 -> 152
A40: CKY | B40: 153 | P40: =A40 -> CKY | Q40: =B40 -> 153 | S40: Discipline | W40: 建議
A41: NWY | B41: 161 | P41: =A41 -> NWY | Q41: =B41 -> 161 | V41: 每日兩位訓導，每位計1.5小時
A42: DWL | B42: 181 | P42: =A42 -> DWL | Q42: =B42 -> 181
A43: TCH | B43: 186 | P43: =A43 -> TCH | Q43: =B43 -> 186
A44: Dallas | B44: 190 | J44: =AA12 -> 0 | P44: =A44 -> Dallas | Q44: =B44 -> 190
A45: LHY | B45: 196 | P45: =A45 -> LHY | Q45: =B45 -> 196
A46: HLW | B46: 197 | P46: =A46 -> HLW | Q46: 197
A47: YLS | B47: 198 | P47: =A47 -> YLS | Q47: 198
A48: WSY | B48: 202 | P48: =A48 -> WSY | Q48: =B48 -> 202
A49: CCH | B49: 203 | P49: =A49 -> CCH | Q49: =B49 -> 203 | S49: Total | T49: =SUM(T41:T48) -> 0
A50: WWM | B50: 204 | P50: =A50 -> WWM | Q50: =B50 -> 204
A51: CSC | B51: 205 | P51: =A51 -> CSC | Q51: =B51 -> 205
A52: TFC | B52: 206 | P52: =A52 -> TFC | Q52: =B52 -> 206
A53: CHL | B53: 208 | P53: =A53 -> CHL | Q53: =B53 -> 208
A54: LCK | B54: 209 | P54: =A54 -> LCK | Q54: =B54 -> 209
A55: CYC | B55: 210 | P55: =A55 -> CYC | Q55: =B55 -> 210
A56: CPK | B56: 211 | P56: =A56 -> CPK | Q56: =B56 -> 211
A57: LZJ | B57: 213 | P57: =A57 -> LZJ | Q57: =B57 -> 213
A58: CKH | B58: 214 | J58: =AA13 -> 0 | P58: =A58 -> CKH | Q58: =B58 -> 214
A59: YSM | B59: 217 | P59: =A59 -> YSM | Q59: =B59 -> 217
A60: YKF | B60: 218 | P60: =A60 -> YKF | Q60: 218
A61: WKH | B61: 222 | J61: =AA14 -> 0 | P61: =A61 -> WKH | Q61: 222
A62: HCF | B62: 223 | P62: =A62 -> HCF | Q62: 223
A63: PKH | B63: 224 | P63: =A63 -> PKH | Q63: =B63 -> 224
J64: Total | K64: =SUM(K3:K63) -> 0 | L64: =SUM(L3:L63) -> 0 | M64: =SUM(M3:M63) -> 0 | Q64: -
P65: =A65 -> 0 | Q65: =B65 -> 0
B66: TAP | O66: =C66+F66 -> 0 | P66: =A66 -> 0 | Q66: =B66 -> TAP
A67: Janitors | B67: J | O67: =C67+F67 -> 0 | P67: =A67 -> Janitors | Q67: =B67 -> J
B68: IEC3 | O68: =C68+F68 -> 0 | P68: =A68 -> 0 | Q68: =B68 -> IEC3
B69: IES2 | O69: =C69+F69 -> 0 | P69: =A69 -> 0 | Q69: =B69 -> IES2
O70: =C70+F70 -> 0 | P70: =A70 -> 0 | Q70: =B70 -> 0
O71: =C71+F71 -> 0 | P71: =A71 -> 0 | Q71: =B71 -> 0
A72: CHL | B72: 88 | O72: =C72+F72 -> 0 | P72: =A72 -> CHL | Q72: =B72 -> 88
A73: William | B73: 220 | O73: =C73+F73 -> 0 | P73: =A73 -> William | Q73: =B73 -> 220
A74: Joslyn | B74: 221 | O74: =C74+F74 -> 0 | P74: =A74 -> Joslyn | Q74: =B74 -> 221
A75: Tse Pui Yuen(ChiTA) | B75: 227 | O75: =C75+F75 -> 0 | P75: =A75 -> Tse Pui Yuen(ChiTA) | Q75: =B75 -> 227
A76: Ng Yin To (BioLab) | B76: 228 | J76: =AA15 -> 0 | O76: =C76+F76 -> 0 | P76: =A76 -> Ng Yin To (BioLab) | Q76: =B76 -> 228
D77: =SUM(D3:D76) -> 0 | F77: =SUM(F3:F76) -> 0 | G77: =SUM(G3:G76) -> 0 | H77: =SUM(H3:H76) -> 0 | J77: =SUM(J3:J76) -> 0
C78: =AVERAGE(#REF!,#REF!,#REF!,#REF!,#REF!,#REF!,#REF!,#REF!,#REF!,#REF!,#REF!,#REF!,#REF!,#REF!,#REF!,#REF!,#REF!,#REF!,#REF!,#REF!,#REF!,#REF!,#REF!,#REF!,#REF!,#REF!,#REF!,#REF!,#REF!,#REF!,#REF!,#REF!,#REF!,#REF!,#REF!) -> #REF! | E78: Average Non-Speaking Duty(Non-language Teachers)

Sheet S6 Teachers
C1: TUE | D1: 102 | E1: 202 | F1: 86 | G1: 103 | H1: 22 | I1: 91 | J1: 120 | K1: 152
D2: MON | E2: TUE | F2: WED | G2: THUR | H2: FRI
B3: 上午 8:00 -上午 8:15 | C3: 上午 8:00 -上午 8:15
B4: 上午 8:15 -上午 8:55 | C4: 上午 8:15 -上午 8:50 | D4: 90, 86, 102, 138, 152 | E4: 202, 76, 103, 211, 206, 91, 78 | F4: 128, 38, 76, 22, 135 | G4: 128, 39, 76, 91, 78 | H4: 128, 39, 76, 22, 208
B5: 上午 8:55 -上午 9:35 | C5: 上午 8:50 -上午 9:25 | D5: 90, 86, 102, 138, 152 | E5: 202, 76, 103, 211, 206, 91, 78 | F5: 128, 38, 76, 22, 135 | G5: 128, 39, 76, 91, 78 | H5: 102, 86, 90, 22, 208
B6: 上午 9:35 -上午 9:50 | C6: 上午 9:25 -上午 9:40
B7: 上午 9:50 -上午 10:30 | C7: 上午 9:40 -上午 10:15 | D7: 206, 5, 91, 78 | E7: 128, 39, 76, 138, 135 | F7: 120, 84, 76, 103, 218, 73, 25, 196 | G7: 202, 76, 103, 211, 206, 153, 135 | H7: 120, 84, 76, 103, 218, 73, 25, 196
B8: 上午 10:30 -上午 11:10 | C8: 上午 10:15 -上午 10:50 | D8: 206, 5, 91, 78 | E8: 128, 39, 76, 138, 135 | F8: 120, 84, 76, 103, 218, 73, 25, 196 | G8: 102, 86, 90, 186, 135 | H8: 120, 84, 76, 103, 218, 73, 25, 196
B9: 上午 11:10 -上午 11:25 | C9: 上午 10:50 -上午 11:05
B10: 上午 11:25 -下午 12:05 | C10: 上午 11:05 -下午 11:40 | D10: 161, 202, 4, 190, 186, 129, 205, 114 | E10: 102, 86, 90, 208, 186 | F10: 161, 202, 4, 190, 186, 129, 205, 114 | G10: 186, 117, 22, 152 | H10: 206, 5, 91, 32
B11: 下午 12:05 -下午 12:45 | C11: 下午 11:40 -下午 12:15 | D11: 161, 202, 4, 190, 186, 129, 205, 114 | E11: 102, 86, 90, 208, 32 | F11: 161, 202, 4, 190, 186, 129, 205, 114 | G11: 32, 186, 22, 152 | H11: 206, 5, 153, 78
B12: 下午 12:45 -下午 1:55 | C12: 下午 12:15 -下午 1:30
B13: 下午 2:00 -下午 2:40 | C13: 下午 1:30 -下午 2:05 | D13: 186, 112, 22, 32 | E13: 208, 5, 186, 152 | F13: 206, 5, 138, 152 | G13: 161, 202, 4, 190, 186, 129, 205, 114 | H13: 32, 117, 138, 135
B14: 下午 2:40 -下午 3:20 | C14: 下午 2:05 -下午 2:40 | D14: 32, 112, 22, 186 | E14: 208, 5, 91, 22, 120, 152 | F14: 206, 186, 138, 152 | G14: 120, 84, 76, 103, 218, 73, 25, 196 | H14: 202, 76, 103, 206, 211, 153, 135
B15: 下午 3:20 -下午 4:00 | C15: 下午 2:40 -下午 3:20 | E15: CLASS T | H15: 202, 76, 103, 206, 211
C16: 下午 3:20 -下午 4:00

Sheet INV. RATIO(FINAL EXAM)
C2: CT | I2: Monday | O2: TUE | U2: WED | AA2: THUR | AG2: FRI
A3: Teacher's Name | B3: Teacher's Code | C3: S1 | D3: S2 | E3: S3 | F3: S4 | G3: S5 | H3: S6 | I3: S1 | J3: S2 | K3: S3 | L3: S4 | M3: S5 | N3: S6 | O3: S1 | P3: S2 | Q3: S3 | R3: S4 | S3: S5 | T3: S6 | U3: S1 | V3: S2 | W3: S3 | X3: S4 | Y3: S5 | Z3: S6 | AA3: S1 | AB3: S2 | AC3: S3 | AD3: S4 | AE3: S5 | AF3: S6 | AG3: S1 | AH3: S2 | AI3: S3 | AJ3: S4 | AK3: S5 | AL3: S6 | AM3: INV. RATIO
C4: =I4+O4+U4+AA4+AG4 -> 5 | D4: =J4+P4+V4+AB4+AH4 -> 5 | E4: =K4+Q4+W4+AC4+AI4 -> 5 | F4: =L4+R4+X4+AD4+AJ4 -> 5 | G4: =M4+S4+Y4+AE4+AK4 -> 5 | H4: =N4+T4+Z4+AF4+AL4 -> 5 | I4: 1 | J4: 1 | K4: 1 | L4: 1 | M4: 1 | N4: 1 | O4: 1 | P4: 1 | Q4: 1 | R4: 1 | S4: 1 | T4: 1 | U4: 1 | V4: 1 | W4: 1 | X4: 1 | Y4: 1 | Z4: 1 | AA4: 1 | AB4: 1 | AC4: 1 | AD4: 1 | AE4: 1 | AF4: 1 | AG4: 1 | AH4: 1 | AI4: 1 | AJ4: 1 | AK4: 1 | AL4: 1
A5: LYY | B5: 3 | C5: 0.2 | K5: 2 | N5: 2 | O5: 3.5 | T5: 1 | U5: 2 | W5: 1 | Z5: 2 | AA5: 2 | AC5: 2 | AF5: 2 | AG5: 2 | AI5: 2 | AM5: =C$4*C5+D$4*D5+E$4*E5+F$4*F5+G$4*G5+H$4*H5+I$4*I5+J$4*J5+K$4*K5+L$4*L5+M$4*M5+N$4*N5+O$4*O5+P$4*P5+Q$4*Q5+R$4*R5+S$4*S5+T$4*T5+U$4*U5+V$4*V5+W$4*W5+X$4*X5+Y$4*Y5+Z$4*Z5+AA$4*AA5+AB$4*AB5+AC$4*AC5+AD$4*AD5+AE$4*AE5+AF$4*AF5+AG$4*AG5+AH$4*AH5+AI$4*AI5+AJ$4*AJ5+AK$4*AK5+AL$4*AL5 -> 24.5
A6: LMT | B6: 4 | F6: 0.2 | K6: 1 | L6: 1 | M6: 1 | N6: 1 | Q6: 1 | R6: 3 | S6: 1 | T6: 2 | W6: 1 | Z6: 2 | AB6: 1 | AC6: 1 | AE6: 2 | AG6: 1 | AJ6: 2 | AK6: 1 | AM6: =C$4*C6+D$4*D6+E$4*E6+F$4*F6+G$4*G6+H$4*H6+I$4*I6+J$4*J6+K$4*K6+L$4*L6+M$4*M6+N$4*N6+O$4*O6+P$4*P6+Q$4*Q6+R$4*R6+S$4*S6+T$4*T6+U$4*U6+V$4*V6+W$4*W6+X$4*X6+Y$4*Y6+Z$4*Z6+AA$4*AA6+AB$4*AB6+AC$4*AC6+AD$4*AD6+AE$4*AE6+AF$4*AF6+AG$4*AG6+AH$4*AH6+AI$4*AI6+AJ$4*AJ6+AK$4*AK6+AL$4*AL6 -> 23
A7: LWH | B7: 5 | I7: 2 | L7: 3 | N7: 1 | O7: 1 | R7: 2 | T7: 1 | U7: 1 | X7: 3 | Z7: 1 | AA7: 2 | AD7: 1 | AF7: 2 | AJ7: 1 | AL7: 2 | AM7: =C$4*C7+D$4*D7+E$4*E7+F$4*F7+G$4*G7+H$4*H7+I$4*I7+J$4*J7+K$4*K7+L$4*L7+M$4*M7+N$4*N7+O$4*O7+P$4*P7+Q$4*Q7+R$4*R7+S$4*S7+T$4*T7+U$4*U7+V$4*V7+W$4*W7+X$4*X7+Y$4*Y7+Z$4*Z7+AA$4*AA7+AB$4*AB7+AC$4*AC7+AD$4*AD7+AE$4*AE7+AF$4*AF7+AG$4*AG7+AH$4*AH7+AI$4*AI7+AJ$4*AJ7+AK$4*AK7+AL$4*AL7 -> 23
A8: LWT | B8: 20 | C8: 0.2 | I8: 2 | L8: 2 | N8: 2 | O8: 2.5 | S8: 0.5 | T8: 2 | U8: 1 | X8: 1 | Z8: 0.5 | AA8: 2 | AD8: 1 | AJ8: 1 | AL8: 2 | AM8: =C$4*C8+D$4*D8+E$4*E8+F$4*F8+G$4*G8+H$4*H8+I$4*I8+J$4*J8+K$4*K8+L$4*L8+M$4*M8+N$4*N8+O$4*O8+P$4*P8+Q$4*Q8+R$4*R8+S$4*S8+T$4*T8+U$4*U8+V$4*V8+W$4*W8+X$4*X8+Y$4*Y8+Z$4*Z8+AA$4*AA8+AB$4*AB8+AC$4*AC8+AD$4*AD8+AE$4*AE8+AF$4*AF8+AG$4*AG8+AH$4*AH8+AI$4*AI8+AJ$4*AJ8+AK$4*AK8+AL$4*AL8 -> 20.5
A9: WWY | B9: 22 | G9: 0.2 | L9: 2 | M9: 1 | O9: 2 | R9: 1 | S9: 3.5 | U9: 2 | X9: 2 | Y9: 2 | AA9: 2 | AE9: 1 | AG9: 2 | AJ9: 2 | AK9: 2 | AM9: =C$4*C9+D$4*D9+E$4*E9+F$4*F9+G$4*G9+H$4*H9+I$4*I9+J$4*J9+K$4*K9+L$4*L9+M$4*M9+N$4*N9+O$4*O9+P$4*P9+Q$4*Q9+R$4*R9+S$4*S9+T$4*T9+U$4*U9+V$4*V9+W$4*W9+X$4*X9+Y$4*Y9+Z$4*Z9+AA$4*AA9+AB$4*AB9+AC$4*AC9+AD$4*AD9+AE$4*AE9+AF$4*AF9+AG$4*AG9+AH$4*AH9+AI$4*AI9+AJ$4*AJ9+AK$4*AK9+AL$4*AL9 -> 25.5
A10: LCS | B10: 25 | I10: 0 | J10: 0 | K10: 0 | L10: 0 | M10: 0 | N10: 0 | Q10: 1 | S10: 1 | Y10: 2 | Z10: 2 | AE10: 1 | AF10: 2 | AI10: 1 | AK10: 1 | AL10: 1 | AM10: =C$4*C10+D$4*D10+E$4*E10+F$4*F10+G$4*G10+H$4*H10+I$4*I10+J$4*J10+K$4*K10+L$4*L10+M$4*M10+N$4*N10+O$4*O10+P$4*P10+Q$4*Q10+R$4*R10+S$4*S10+T$4*T10+U$4*U10+V$4*V10+W$4*W10+X$4*X10+Y$4*Y10+Z$4*Z10+AA$4*AA10+AB$4*AB10+AC$4*AC10+AD$4*AD10+AE$4*AE10+AF$4*AF10+AG$4*AG10+AH$4*AH10+AI$4*AI10+AJ$4*AJ10+AK$4*AK10+AL$4*AL10 -> 12
A11: LPK | B11: 32 | M11: 2 | N11: 1 | S11: 2 | X11: 2 | Z11: 2 | AD11: 2 | AE11: 1 | AJ11: 2 | AK11: 1 | AM11: =C$4*C11+D$4*D11+E$4*E11+F$4*F11+G$4*G11+H$4*H11+I$4*I11+J$4*J11+K$4*K11+L$4*L11+M$4*M11+N$4*N11+O$4*O11+P$4*P11+Q$4*Q11+R$4*R11+S$4*S11+T$4*T11+U$4*U11+V$4*V11+W$4*W11+X$4*X11+Y$4*Y11+Z$4*Z11+AA$4*AA11+AB$4*AB11+AC$4*AC11+AD$4*AD11+AE$4*AE11+AF$4*AF11+AG$4*AG11+AH$4*AH11+AI$4*AI11+AJ$4*AJ11+AK$4*AK11+AL$4*AL11 -> 15
A12: WLP | B12: 37 | F12: 0.2 | L12: 3 | Q12: 2 | R12: 3.5 | W12: 1 | X12: 1 | Z12: 2 | AC12: 3 | AD12: 1 | AF12: 2 | AJ12: 3 | AL12: 1 | AM12: =C$4*C12+D$4*D12+E$4*E12+F$4*F12+G$4*G12+H$4*H12+I$4*I12+J$4*J12+K$4*K12+L$4*L12+M$4*M12+N$4*N12+O$4*O12+P$4*P12+Q$4*Q12+R$4*R12+S$4*S12+T$4*T12+U$4*U12+V$4*V12+W$4*W12+X$4*X12+Y$4*Y12+Z$4*Z12+AA$4*AA12+AB$4*AB12+AC$4*AC12+AD$4*AD12+AE$4*AE12+AF$4*AF12+AG$4*AG12+AH$4*AH12+AI$4*AI12+AJ$4*AJ12+AK$4*AK12+AL$4*AL12 -> 23.5
A13: CML | B13: 39 | K13: 2 | L13: 2 | M13: 1 | Q13: 1 | R13: 1 | S13: 2 | W13: 2 | X13: 2 | Y13: 1 | AE13: 2 | AF13: 1 | AI13: 2 | AJ13: 2 | AK13: 2 | AL13: 1 | AM13: =C$4*C13+D$4*D13+E$4*E13+F$4*F13+G$4*G13+H$4*H13+I$4*I13+J$4*J13+K$4*K13+L$4*L13+M$4*M13+N$4*N13+O$4*O13+P$4*P13+Q$4*Q13+R$4*R13+S$4*S13+T$4*T13+U$4*U13+V$4*V13+W$4*W13+X$4*X13+Y$4*Y13+Z$4*Z13+AA$4*AA13+AB$4*AB13+AC$4*AC13+AD$4*AD13+AE$4*AE13+AF$4*AF13+AG$4*AG13+AH$4*AH13+AI$4*AI13+AJ$4*AJ13+AK$4*AK13+AL$4*AL13 -> 24
A14: TCH | B14: 49 | F14: 0.2 | I14: 1 | J14: 2 | L14: 2 | O14: 1 | P14: 1 | R14: 2.5 | U14: 1 | V14: 3 | X14: 2 | AA14: 2 | AD14: 2 | AG14: 3 | AH14: 2 | AM14: =C$4*C14+D$4*D14+E$4*E14+F$4*F14+G$4*G14+H$4*H14+I$4*I14+J$4*J14+K$4*K14+L$4*L14+M$4*M14+N$4*N14+O$4*O14+P$4*P14+Q$4*Q14+R$4*R14+S$4*S14+T$4*T14+U$4*U14+V$4*V14+W$4*W14+X$4*X14+Y$4*Y14+Z$4*Z14+AA$4*AA14+AB$4*AB14+AC$4*AC14+AD$4*AD14+AE$4*AE14+AF$4*AF14+AG$4*AG14+AH$4*AH14+AI$4*AI14+AJ$4*AJ14+AK$4*AK14+AL$4*AL14 -> 25.5
A15: LTN | B15: 67 | C15: 0.2 | I15: 2 | J15: 4 | O15: 2.5 | P15: 2 | U15: 2 | V15: 2 | AA15: 2 | AB15: 4 | AG15: 1 | AH15: 4 | AM15: =C$4*C15+D$4*D15+E$4*E15+F$4*F15+G$4*G15+H$4*H15+I$4*I15+J$4*J15+K$4*K15+L$4*L15+M$4*M15+N$4*N15+O$4*O15+P$4*P15+Q$4*Q15+R$4*R15+S$4*S15+T$4*T15+U$4*U15+V$4*V15+W$4*W15+X$4*X15+Y$4*Y15+Z$4*Z15+AA$4*AA15+AB$4*AB15+AC$4*AC15+AD$4*AD15+AE$4*AE15+AF$4*AF15+AG$4*AG15+AH$4*AH15+AI$4*AI15+AJ$4*AJ15+AK$4*AK15+AL$4*AL15 -> 26.5
A16: LPC | B16: 72 | I16: 2 | J16: 2 | O16: 2 | P16: 4 | V16: 2 | AA16: 2 | AB16: 2 | AG16: 1 | AH16: 4 | AM16: =C$4*C16+D$4*D16+E$4*E16+F$4*F16+G$4*G16+H$4*H16+I$4*I16+J$4*J16+K$4*K16+L$4*L16+M$4*M16+N$4*N16+O$4*O16+P$4*P16+Q$4*Q16+R$4*R16+S$4*S16+T$4*T16+U$4*U16+V$4*V16+W$4*W16+X$4*X16+Y$4*Y16+Z$4*Z16+AA$4*AA16+AB$4*AB16+AC$4*AC16+AD$4*AD16+AE$4*AE16+AF$4*AF16+AG$4*AG16+AH$4*AH16+AI$4*AI16+AJ$4*AJ16+AK$4*AK16+AL$4*AL16 -> 21
A17: LHK | B17: 73 | F17: 0.2 | I17: 0 | J17: 0 | K17: 0 | L17: 0 | M17: 0 | N17: 0 | Q17: 2 | R17: 4 | S17: 1 | Y17: 2 | Z17: 2 | AC17: 2 | AD17: 2 | AE17: 1 | AF17: 2 | AJ17: 2 | AK17: 1 | AL17: 1 | AM17: =C$4*C17+D$4*D17+E$4*E17+F$4*F17+G$4*G17+H$4*H17+I$4*I17+J$4*J17+K$4*K17+L$4*L17+M$4*M17+N$4*N17+O$4*O17+P$4*P17+Q$4*Q17+R$4*R17+S$4*S17+T$4*T17+U$4*U17+V$4*V17+W$4*W17+X$4*X17+Y$4*Y17+Z$4*Z17+AA$4*AA17+AB$4*AB17+AC$4*AC17+AD$4*AD17+AE$4*AE17+AF$4*AF17+AG$4*AG17+AH$4*AH17+AI$4*AI17+AJ$4*AJ17+AK$4*AK17+AL$4*AL17 -> 23
A18: WWY | B18: 76 | M18: 1 | N18: 1.5 | S18: 2.5 | T18: 2 | U18: 0 | V18: 0 | W18: 0 | X18: 0 | Y18: 0 | Z18: 0 | AE18: 3 | AK18: 2 | AM18: =C$4*C18+D$4*D18+E$4*E18+F$4*F18+G$4*G18+H$4*H18+I$4*I18+J$4*J18+K$4*K18+L$4*L18+M$4*M18+N$4*N18+O$4*O18+P$4*P18+Q$4*Q18+R$4*R18+S$4*S18+T$4*T18+U$4*U18+V$4*V18+W$4*W18+X$4*X18+Y$4*Y18+Z$4*Z18+AA$4*AA18+AB$4*AB18+AC$4*AC18+AD$4*AD18+AE$4*AE18+AF$4*AF18+AG$4*AG18+AH$4*AH18+AI$4*AI18+AJ$4*AJ18+AK$4*AK18+AL$4*AL18 -> 12
A19: LKC | B19: 78 | H19: 0.2 | I19: 1 | K19: 2 | M19: 2 | Q19: 1 | S19: 1 | T19: 3.5 | W19: 1 | Y19: 2 | Z19: 2 | AE19: 1 | AF19: 1 | AG19: 1 | AI19: 1 | AK19: 1 | AL19: 2 | AM19: =C$4*C19+D$4*D19+E$4*E19+F$4*F19+G$4*G19+H$4*H19+I$4*I19+J$4*J19+K$4*K19+L$4*L19+M$4*M19+N$4*N19+O$4*O19+P$4*P19+Q$4*Q19+R$4*R19+S$4*S19+T$4*T19+U$4*U19+V$4*V19+W$4*W19+X$4*X19+Y$4*Y19+Z$4*Z19+AA$4*AA19+AB$4*AB19+AC$4*AC19+AD$4*AD19+AE$4*AE19+AF$4*AF19+AG$4*AG19+AH$4*AH19+AI$4*AI19+AJ$4*AJ19+AK$4*AK19+AL$4*AL19 -> 23.5
A20: KWW | B20: 84 | C20: 0.2 | K20: 2 | O20: 2.5 | R20: 1 | S20: 1 | W20: 1 | Y20: 2 | Z20: 2 | AA20: 1 | AD20: 2 | AE20: 1 | AF20: 2 | AI20: 1 | AJ20: 2 | AK20: 1 | AL20: 1 | AM20: =C$4*C20+D$4*D20+E$4*E20+F$4*F20+G$4*G20+H$4*H20+I$4*I20+J$4*J20+K$4*K20+L$4*L20+M$4*M20+N$4*N20+O$4*O20+P$4*P20+Q$4*Q20+R$4*R20+S$4*S20+T$4*T20+U$4*U20+V$4*V20+W$4*W20+X$4*X20+Y$4*Y20+Z$4*Z20+AA$4*AA20+AB$4*AB20+AC$4*AC20+AD$4*AD20+AE$4*AE20+AF$4*AF20+AG$4*AG20+AH$4*AH20+AI$4*AI20+AJ$4*AJ20+AK$4*AK20+AL$4*AL20 -> 23.5
A21: AT | B21: 85 | J21: 2 | K21: 2 | P21: 2 | Q21: 1 | W21: 2 | AB21: 2 | AH21: 2 | AI21: 2 | AM21: =C$4*C21+D$4*D21+E$4*E21+F$4*F21+G$4*G21+H$4*H21+I$4*I21+J$4*J21+K$4*K21+L$4*L21+M$4*M21+N$4*N21+O$4*O21+P$4*P21+Q$4*Q21+R$4*R21+S$4*S21+T$4*T21+U$4*U21+V$4*V21+W$4*W21+X$4*X21+Y$4*Y21+Z$4*Z21+AA$4*AA21+AB$4*AB21+AC$4*AC21+AD$4*AD21+AE$4*AE21+AF$4*AF21+AG$4*AG21+AH$4*AH21+AI$4*AI21+AJ$4*AJ21+AK$4*AK21+AL$4*AL21 -> 15
A22: KSC | B22: 86 | G22: 0.2 | K22: 2 | M22: 2 | Q22: 2 | S22: 3 | W22: 2 | X22: 1 | Y22: 2 | Z22: 0.5 | AE22: 3.5 | AJ22: 1 | AK22: 4 | AM22: =C$4*C22+D$4*D22+E$4*E22+F$4*F22+G$4*G22+H$4*H22+I$4*I22+J$4*J22+K$4*K22+L$4*L22+M$4*M22+N$4*N22+O$4*O22+P$4*P22+Q$4*Q22+R$4*R22+S$4*S22+T$4*T22+U$4*U22+V$4*V22+W$4*W22+X$4*X22+Y$4*Y22+Z$4*Z22+AA$4*AA22+AB$4*AB22+AC$4*AC22+AD$4*AD22+AE$4*AE22+AF$4*AF22+AG$4*AG22+AH$4*AH22+AI$4*AI22+AJ$4*AJ22+AK$4*AK22+AL$4*AL22 -> 24
A23: LKL | B23: 90 | D23: 0.2 | J23: 1 | K23: 2 | P23: 1.5 | Q23: 2 | V23: 1 | W23: 2 | Y23: 2 | AA23: 1 | AB23: 1 | AE23: 2 | AG23: 1 | AH23: 1 | AK23: 2 | AM23: =C$4*C23+D$4*D23+E$4*E23+F$4*F23+G$4*G23+H$4*H23+I$4*I23+J$4*J23+K$4*K23+L$4*L23+M$4*M23+N$4*N23+O$4*O23+P$4*P23+Q$4*Q23+R$4*R23+S$4*S23+T$4*T23+U$4*U23+V$4*V23+W$4*W23+X$4*X23+Y$4*Y23+Z$4*Z23+AA$4*AA23+AB$4*AB23+AC$4*AC23+AD$4*AD23+AE$4*AE23+AF$4*AF23+AG$4*AG23+AH$4*AH23+AI$4*AI23+AJ$4*AJ23+AK$4*AK23+AL$4*AL23 -> 20.5
A24: KLH | B24: 91 | G24: 0.2 | J24: 1 | L24: 2 | M24: 2.5 | P24: 1 | R24: 2 | S24: 2.5 | W24: 2 | X24: 2 | Y24: 2 | AB24: 2 | AD24: 1 | AE24: 1 | AF24: 1 | AK24: 2 | AL24: 0.5 | AM24: =C$4*C24+D$4*D24+E$4*E24+F$4*F24+G$4*G24+H$4*H24+I$4*I24+J$4*J24+K$4*K24+L$4*L24+M$4*M24+N$4*N24+O$4*O24+P$4*P24+Q$4*Q24+R$4*R24+S$4*S24+T$4*T24+U$4*U24+V$4*V24+W$4*W24+X$4*X24+Y$4*Y24+Z$4*Z24+AA$4*AA24+AB$4*AB24+AC$4*AC24+AD$4*AD24+AE$4*AE24+AF$4*AF24+AG$4*AG24+AH$4*AH24+AI$4*AI24+AJ$4*AJ24+AK$4*AK24+AL$4*AL24 -> 25.5
A25: CKS | B25: 92 | C25: 0.2 | I25: 2 | J25: 2 | O25: 1.5 | P25: 2 | Q25: 1 | U25: 1 | V25: 1 | W25: 2 | AA25: 2 | AB25: 2 | AC25: 1 | AG25: 3 | AH25: 1 | AM25: =C$4*C25+D$4*D25+E$4*E25+F$4*F25+G$4*G25+H$4*H25+I$4*I25+J$4*J25+K$4*K25+L$4*L25+M$4*M25+N$4*N25+O$4*O25+P$4*P25+Q$4*Q25+R$4*R25+S$4*S25+T$4*T25+U$4*U25+V$4*V25+W$4*W25+X$4*X25+Y$4*Y25+Z$4*Z25+AA$4*AA25+AB$4*AB25+AC$4*AC25+AD$4*AD25+AE$4*AE25+AF$4*AF25+AG$4*AG25+AH$4*AH25+AI$4*AI25+AJ$4*AJ25+AK$4*AK25+AL$4*AL25 -> 22.5
A26: CKM | B26: 102 | G26: 0.2 | J26: 1 | N26: 2 | P26: 2 | S26: 1 | T26: 1 | V26: 1 | Y26: 2 | Z26: 1 | AB26: 2 | AE26: 2 | AF26: 2 | AH26: 3 | AK26: 2 | AL26: 1 | AM26: =C$4*C26+D$4*D26+E$4*E26+F$4*F26+G$4*G26+H$4*H26+I$4*I26+J$4*J26+K$4*K26+L$4*L26+M$4*M26+N$4*N26+O$4*O26+P$4*P26+Q$4*Q26+R$4*R26+S$4*S26+T$4*T26+U$4*U26+V$4*V26+W$4*W26+X$4*X26+Y$4*Y26+Z$4*Z26+AA$4*AA26+AB$4*AB26+AC$4*AC26+AD$4*AD26+AE$4*AE26+AF$4*AF26+AG$4*AG26+AH$4*AH26+AI$4*AI26+AJ$4*AJ26+AK$4*AK26+AL$4*AL26 -> 24
A27: LKF | B27: 103 | G27: 0.2 | M27: 1 | R27: 1 | S27: 2 | Y27: 4 | Z27: 2 | AD27: 2 | AE27: 2 | AF27: 2 | AJ27: 2 | AK27: 2 | AL27: 1 | AM27: =C$4*C27+D$4*D27+E$4*E27+F$4*F27+G$4*G27+H$4*H27+I$4*I27+J$4*J27+K$4*K27+L$4*L27+M$4*M27+N$4*N27+O$4*O27+P$4*P27+Q$4*Q27+R$4*R27+S$4*S27+T$4*T27+U$4*U27+V$4*V27+W$4*W27+X$4*X27+Y$4*Y27+Z$4*Z27+AA$4*AA27+AB$4*AB27+AC$4*AC27+AD$4*AD27+AE$4*AE27+AF$4*AF27+AG$4*AG27+AH$4*AH27+AI$4*AI27+AJ$4*AJ27+AK$4*AK27+AL$4*AL27 -> 22
A28: CKW | B28: 112 | D28: 0.2 | J28: 2 | M28: 2 | P28: 1.5 | Q28: 2 | V28: 2 | X28: 2 | Z28: 2 | AD28: 4 | AF28: 2 | AI28: 2 | AL28: 2 | AM28: =C$4*C28+D$4*D28+E$4*E28+F$4*F28+G$4*G28+H$4*H28+I$4*I28+J$4*J28+K$4*K28+L$4*L28+M$4*M28+N$4*N28+O$4*O28+P$4*P28+Q$4*Q28+R$4*R28+S$4*S28+T$4*T28+U$4*U28+V$4*V28+W$4*W28+X$4*X28+Y$4*Y28+Z$4*Z28+AA$4*AA28+AB$4*AB28+AC$4*AC28+AD$4*AD28+AE$4*AE28+AF$4*AF28+AG$4*AG28+AH$4*AH28+AI$4*AI28+AJ$4*AJ28+AK$4*AK28+AL$4*AL28 -> 24.5
A29: LWK | B29: 113 | H29: 0.2 | K29: 1 | L29: 1 | M29: 2 | N29: 2 | Q29: 1 | R29: 2 | S29: 1 | T29: 3.5 | Y29: 1 | Z29: 2 | AC29: 2 | AJ29: 2 | AL29: 1 | AM29: =C$4*C29+D$4*D29+E$4*E29+F$4*F29+G$4*G29+H$4*H29+I$4*I29+J$4*J29+K$4*K29+L$4*L29+M$4*M29+N$4*N29+O$4*O29+P$4*P29+Q$4*Q29+R$4*R29+S$4*S29+T$4*T29+U$4*U29+V$4*V29+W$4*W29+X$4*X29+Y$4*Y29+Z$4*Z29+AA$4*AA29+AB$4*AB29+AC$4*AC29+AD$4*AD29+AE$4*AE29+AF$4*AF29+AG$4*AG29+AH$4*AH29+AI$4*AI29+AJ$4*AJ29+AK$4*AK29+AL$4*AL29 -> 22.5
A30: CYP | B30: 114 | E30: 0.2 | K30: 2 | L30: 1 | M30: 1 | N30: 1 | Q30: 2 | R30: 2 | S30: 1 | T30: 2 | Z30: 2 | AC30: 3 | AE30: 2 | AJ30: 2 | AK30: 1 | AM30: =C$4*C30+D$4*D30+E$4*E30+F$4*F30+G$4*G30+H$4*H30+I$4*I30+J$4*J30+K$4*K30+L$4*L30+M$4*M30+N$4*N30+O$4*O30+P$4*P30+Q$4*Q30+R$4*R30+S$4*S30+T$4*T30+U$4*U30+V$4*V30+W$4*W30+X$4*X30+Y$4*Y30+Z$4*Z30+AA$4*AA30+AB$4*AB30+AC$4*AC30+AD$4*AD30+AE$4*AE30+AF$4*AF30+AG$4*AG30+AH$4*AH30+AI$4*AI30+AJ$4*AJ30+AK$4*AK30+AL$4*AL30 -> 23
A31: LWC | B31: 117 | L31: 1 | N31: 2 | R31: 1 | S31: 2 | T31: 1 | Y31: 1 | AD31: 3 | AJ31: 1 | AM31: =C$4*C31+D$4*D31+E$4*E31+F$4*F31+G$4*G31+H$4*H31+I$4*I31+J$4*J31+K$4*K31+L$4*L31+M$4*M31+N$4*N31+O$4*O31+P$4*P31+Q$4*Q31+R$4*R31+S$4*S31+T$4*T31+U$4*U31+V$4*V31+W$4*W31+X$4*X31+Y$4*Y31+Z$4*Z31+AA$4*AA31+AB$4*AB31+AC$4*AC31+AD$4*AD31+AE$4*AE31+AF$4*AF31+AG$4*AG31+AH$4*AH31+AI$4*AI31+AJ$4*AJ31+AK$4*AK31+AL$4*AL31 -> 12
A32: WYC | B32: 120 | G32: 0.2 | K32: 1 | Q32: 1 | R32: 1 | S32: 2.5 | Y32: 2 | Z32: 2 | AC32: 1 | AD32: 2 | AE32: 1 | AF32: 2 | AI32: 1 | AJ32: 2 | AK32: 1 | AL32: 1 | AM32: =C$4*C32+D$4*D32+E$4*E32+F$4*F32+G$4*G32+H$4*H32+I$4*I32+J$4*J32+K$4*K32+L$4*L32+M$4*M32+N$4*N32+O$4*O32+P$4*P32+Q$4*Q32+R$4*R32+S$4*S32+T$4*T32+U$4*U32+V$4*V32+W$4*W32+X$4*X32+Y$4*Y32+Z$4*Z32+AA$4*AA32+AB$4*AB32+AC$4*AC32+AD$4*AD32+AE$4*AE32+AF$4*AF32+AG$4*AG32+AH$4*AH32+AI$4*AI32+AJ$4*AJ32+AK$4*AK32+AL$4*AL32 -> 21.5
A33: LHY | B33: 128 | E33: 0.2 | J33: 2 | K33: 2 | M33: 1 | P33: 2 | Q33: 1 | S33: 2 | W33: 1 | AB33: 2 | AC33: 2 | AE33: 2 | AH33: 2 | AI33: 2 | AK33: 2 | AM33: =C$4*C33+D$4*D33+E$4*E33+F$4*F33+G$4*G33+H$4*H33+I$4*I33+J$4*J33+K$4*K33+L$4*L33+M$4*M33+N$4*N33+O$4*O33+P$4*P33+Q$4*Q33+R$4*R33+S$4*S33+T$4*T33+U$4*U33+V$4*V33+W$4*W33+X$4*X33+Y$4*Y33+Z$4*Z33+AA$4*AA33+AB$4*AB33+AC$4*AC33+AD$4*AD33+AE$4*AE33+AF$4*AF33+AG$4*AG33+AH$4*AH33+AI$4*AI33+AJ$4*AJ33+AK$4*AK33+AL$4*AL33 -> 24
A34: LNY | B34: 129 | F34: 0.2 | K34: 0.5 | L34: 1 | M34: 1 | N34: 1 | Q34: 1 | R34: 3.5 | S34: 1 | T34: 2 | Y34: 1 | Z34: 2 | AC34: 1 | AE34: 2 | AI34: 1 | AJ34: 2 | AK34: 1 | AM34: =C$4*C34+D$4*D34+E$4*E34+F$4*F34+G$4*G34+H$4*H34+I$4*I34+J$4*J34+K$4*K34+L$4*L34+M$4*M34+N$4*N34+O$4*O34+P$4*P34+Q$4*Q34+R$4*R34+S$4*S34+T$4*T34+U$4*U34+V$4*V34+W$4*W34+X$4*X34+Y$4*Y34+Z$4*Z34+AA$4*AA34+AB$4*AB34+AC$4*AC34+AD$4*AD34+AE$4*AE34+AF$4*AF34+AG$4*AG34+AH$4*AH34+AI$4*AI34+AJ$4*AJ34+AK$4*AK34+AL$4*AL34 -> 22
A35: HBL | B35: 134 | I35: 1 | J35: 1 | L35: 1 | N35: 2 | R35: 4 | V35: 1 | X35: 1 | AA35: 1 | AB35: 2 | AD35: 1 | AF35: 2 | AG35: 2 | AJ35: 2 | AL35: 1 | AM35: =C$4*C35+D$4*D35+E$4*E35+F$4*F35+G$4*G35+H$4*H35+I$4*I35+J$4*J35+K$4*K35+L$4*L35+M$4*M35+N$4*N35+O$4*O35+P$4*P35+Q$4*Q35+R$4*R35+S$4*S35+T$4*T35+U$4*U35+V$4*V35+W$4*W35+X$4*X35+Y$4*Y35+Z$4*Z35+AA$4*AA35+AB$4*AB35+AC$4*AC35+AD$4*AD35+AE$4*AE35+AF$4*AF35+AG$4*AG35+AH$4*AH35+AI$4*AI35+AJ$4*AJ35+AK$4*AK35+AL$4*AL35 -> 22
A36: WWS | B36: 135 | D36: 0.2 | J36: 2 | K36: 2 | M36: 2 | P36: 1.5 | Q36: 1 | S36: 1 | V36: 2 | W36: 2 | Y36: 1 | AB36: 2 | AE36: 2 | AH36: 2 | AI36: 2 | AK36: 2 | AM36: =C$4*C36+D$4*D36+E$4*E36+F$4*F36+G$4*G36+H$4*H36+I$4*I36+J$4*J36+K$4*K36+L$4*L36+M$4*M36+N$4*N36+O$4*O36+P$4*P36+Q$4*Q36+R$4*R36+S$4*S36+T$4*T36+U$4*U36+V$4*V36+W$4*W36+X$4*X36+Y$4*Y36+Z$4*Z36+AA$4*AA36+AB$4*AB36+AC$4*AC36+AD$4*AD36+AE$4*AE36+AF$4*AF36+AG$4*AG36+AH$4*AH36+AI$4*AI36+AJ$4*AJ36+AK$4*AK36+AL$4*AL36 -> 25.5
A37: CHB | B37: 137 | E37: 0.2 | J37: 3 | K37: 1 | P37: 2 | S37: 1 | U37: 2 | V37: 1 | W37: 3 | AA37: 1 | AC37: 3 | AG37: 1 | AH37: 2 | AI37: 3 | AM37: =C$4*C37+D$4*D37+E$4*E37+F$4*F37+G$4*G37+H$4*H37+I$4*I37+J$4*J37+K$4*K37+L$4*L37+M$4*M37+N$4*N37+O$4*O37+P$4*P37+Q$4*Q37+R$4*R37+S$4*S37+T$4*T37+U$4*U37+V$4*V37+W$4*W37+X$4*X37+Y$4*Y37+Z$4*Z37+AA$4*AA37+AB$4*AB37+AC$4*AC37+AD$4*AD37+AE$4*AE37+AF$4*AF37+AG$4*AG37+AH$4*AH37+AI$4*AI37+AJ$4*AJ37+AK$4*AK37+AL$4*AL37 -> 24
A38: LWY | B38: 138 | F38: 0.2 | L38: 2 | M38: 1 | N38: 1 | O38: 2 | R38: 1 | T38: 2 | U38: 1 | X38: 2 | Z38: 2 | AA38: 1 | AD38: 2 | AG38: 2 | AK38: 0.5 | AL38: 2 | AM38: =C$4*C38+D$4*D38+E$4*E38+F$4*F38+G$4*G38+H$4*H38+I$4*I38+J$4*J38+K$4*K38+L$4*L38+M$4*M38+N$4*N38+O$4*O38+P$4*P38+Q$4*Q38+R$4*R38+S$4*S38+T$4*T38+U$4*U38+V$4*V38+W$4*W38+X$4*X38+Y$4*Y38+Z$4*Z38+AA$4*AA38+AB$4*AB38+AC$4*AC38+AD$4*AD38+AE$4*AE38+AF$4*AF38+AG$4*AG38+AH$4*AH38+AI$4*AI38+AJ$4*AJ38+AK$4*AK38+AL$4*AL38 -> 22.5
A39: LCM | B39: 140 | J39: 1 | P39: 1 | Q39: 2 | V39: 2 | W39: 2 | AB39: 2 | AC39: 1 | AI39: 1 | AM39: =C$4*C39+D$4*D39+E$4*E39+F$4*F39+G$4*G39+H$4*H39+I$4*I39+J$4*J39+K$4*K39+L$4*L39+M$4*M39+N$4*N39+O$4*O39+P$4*P39+Q$4*Q39+R$4*R39+S$4*S39+T$4*T39+U$4*U39+V$4*V39+W$4*W39+X$4*X39+Y$4*Y39+Z$4*Z39+AA$4*AA39+AB$4*AB39+AC$4*AC39+AD$4*AD39+AE$4*AE39+AF$4*AF39+AG$4*AG39+AH$4*AH39+AI$4*AI39+AJ$4*AJ39+AK$4*AK39+AL$4*AL39 -> 12
A40: LSY | B40: 141 | L40: 2 | O40: 2 | R40: 1 | U40: 2 | X40: 2 | AA40: 1 | AD40: 2 | AG40: 2 | AM40: =C$4*C40+D$4*D40+E$4*E40+F$4*F40+G$4*G40+H$4*H40+I$4*I40+J$4*J40+K$4*K40+L$4*L40+M$4*M40+N$4*N40+O$4*O40+P$4*P40+Q$4*Q40+R$4*R40+S$4*S40+T$4*T40+U$4*U40+V$4*V40+W$4*W40+X$4*X40+Y$4*Y40+Z$4*Z40+AA$4*AA40+AB$4*AB40+AC$4*AC40+AD$4*AD40+AE$4*AE40+AF$4*AF40+AG$4*AG40+AH$4*AH40+AI$4*AI40+AJ$4*AJ40+AK$4*AK40+AL$4*AL40 -> 14
A41: WKW | B41: 147 | F41: 0.2 | L41: 2 | N41: 3 | R41: 2.5 | T41: 3 | X41: 2 | Z41: 1 | AD41: 1 | AF41: 4 | AJ41: 2 | AL41: 2 | AM41: =C$4*C41+D$4*D41+E$4*E41+F$4*F41+G$4*G41+H$4*H41+I$4*I41+J$4*J41+K$4*K41+L$4*L41+M$4*M41+N$4*N41+O$4*O41+P$4*P41+Q$4*Q41+R$4*R41+S$4*S41+T$4*T41+U$4*U41+V$4*V41+W$4*W41+X$4*X41+Y$4*Y41+Z$4*Z41+AA$4*AA41+AB$4*AB41+AC$4*AC41+AD$4*AD41+AE$4*AE41+AF$4*AF41+AG$4*AG41+AH$4*AH41+AI$4*AI41+AJ$4*AJ41+AK$4*AK41+AL$4*AL41 -> 23.5
A42: CTY | B42: 152 | G42: 0.2 | I42: 2 | K42: 2 | M42: 2 | O42: 1 | P42: 2 | S42: 2.5 | W42: 2 | Y42: 1 | AB42: 2 | AE42: 1 | AG42: 1 | AK42: 2 | AM42: =C$4*C42+D$4*D42+E$4*E42+F$4*F42+G$4*G42+H$4*H42+I$4*I42+J$4*J42+K$4*K42+L$4*L42+M$4*M42+N$4*N42+O$4*O42+P$4*P42+Q$4*Q42+R$4*R42+S$4*S42+T$4*T42+U$4*U42+V$4*V42+W$4*W42+X$4*X42+Y$4*Y42+Z$4*Z42+AA$4*AA42+AB$4*AB42+AC$4*AC42+AD$4*AD42+AE$4*AE42+AF$4*AF42+AG$4*AG42+AH$4*AH42+AI$4*AI42+AJ$4*AJ42+AK$4*AK42+AL$4*AL42 -> 21.5
A43: CKY | B43: 153 | D43: 0.2 | J43: 1 | M43: 1 | N43: 4 | O43: 2 | P43: 2.5 | T43: 2 | V43: 1 | Y43: 2 | Z43: 1 | AA43: 1 | AB43: 1 | AF43: 1 | AG43: 1 | AL43: 2 | AM43: =C$4*C43+D$4*D43+E$4*E43+F$4*F43+G$4*G43+H$4*H43+I$4*I43+J$4*J43+K$4*K43+L$4*L43+M$4*M43+N$4*N43+O$4*O43+P$4*P43+Q$4*Q43+R$4*R43+S$4*S43+T$4*T43+U$4*U43+V$4*V43+W$4*W43+X$4*X43+Y$4*Y43+Z$4*Z43+AA$4*AA43+AB$4*AB43+AC$4*AC43+AD$4*AD43+AE$4*AE43+AF$4*AF43+AG$4*AG43+AH$4*AH43+AI$4*AI43+AJ$4*AJ43+AK$4*AK43+AL$4*AL43 -> 23.5
A44: NWY | B44: 161 | H44: 0.2 | K44: 0.5 | L44: 1 | M44: 1 | N44: 1 | Q44: 1 | R44: 2 | S44: 1 | T44: 3 | W44: 1 | Z44: 2 | AC44: 1 | AE44: 2 | AI44: 0.5 | AJ44: 2 | AK44: 1 | AM44: =C$4*C44+D$4*D44+E$4*E44+F$4*F44+G$4*G44+H$4*H44+I$4*I44+J$4*J44+K$4*K44+L$4*L44+M$4*M44+N$4*N44+O$4*O44+P$4*P44+Q$4*Q44+R$4*R44+S$4*S44+T$4*T44+U$4*U44+V$4*V44+W$4*W44+X$4*X44+Y$4*Y44+Z$4*Z44+AA$4*AA44+AB$4*AB44+AC$4*AC44+AD$4*AD44+AE$4*AE44+AF$4*AF44+AG$4*AG44+AH$4*AH44+AI$4*AI44+AJ$4*AJ44+AK$4*AK44+AL$4*AL44 -> 21
A45: HPY | B45: 178 | E45: 0.2 | I45: 2 | J45: 1 | O45: 1 | P45: 1 | Q45: 3 | R45: 1 | U45: 1 | V45: 2 | W45: 2 | AA45: 2 | AB45: 2 | AC45: 1 | AD45: 2 | AI45: 1 | AJ45: 2 | AM45: =C$4*C45+D$4*D45+E$4*E45+F$4*F45+G$4*G45+H$4*H45+I$4*I45+J$4*J45+K$4*K45+L$4*L45+M$4*M45+N$4*N45+O$4*O45+P$4*P45+Q$4*Q45+R$4*R45+S$4*S45+T$4*T45+U$4*U45+V$4*V45+W$4*W45+X$4*X45+Y$4*Y45+Z$4*Z45+AA$4*AA45+AB$4*AB45+AC$4*AC45+AD$4*AD45+AE$4*AE45+AF$4*AF45+AG$4*AG45+AH$4*AH45+AI$4*AI45+AJ$4*AJ45+AK$4*AK45+AL$4*AL45 -> 25
A46: DWL | B46: 181 | H46: 0.2 | K46: 2 | L46: 2 | N46: 1 | R46: 1 | T46: 3 | W46: 1 | X46: 2 | AD46: 2 | AF46: 1 | AG46: 1 | AI46: 1 | AL46: 2 | AM46: =C$4*C46+D$4*D46+E$4*E46+F$4*F46+G$4*G46+H$4*H46+I$4*I46+J$4*J46+K$4*K46+L$4*L46+M$4*M46+N$4*N46+O$4*O46+P$4*P46+Q$4*Q46+R$4*R46+S$4*S46+T$4*T46+U$4*U46+V$4*V46+W$4*W46+X$4*X46+Y$4*Y46+Z$4*Z46+AA$4*AA46+AB$4*AB46+AC$4*AC46+AD$4*AD46+AE$4*AE46+AF$4*AF46+AG$4*AG46+AH$4*AH46+AI$4*AI46+AJ$4*AJ46+AK$4*AK46+AL$4*AL46 -> 20
A47: TCH | B47: 186 | H47: 0.2 | L47: 2 | M47: 3 | R47: 1 | S47: 2 | T47: 2 | X47: 3 | Y47: 1 | AD47: 1 | AE47: 2 | AF47: 1 | AJ47: 1 | AK47: 1 | AM47: =C$4*C47+D$4*D47+E$4*E47+F$4*F47+G$4*G47+H$4*H47+I$4*I47+J$4*J47+K$4*K47+L$4*L47+M$4*M47+N$4*N47+O$4*O47+P$4*P47+Q$4*Q47+R$4*R47+S$4*S47+T$4*T47+U$4*U47+V$4*V47+W$4*W47+X$4*X47+Y$4*Y47+Z$4*Z47+AA$4*AA47+AB$4*AB47+AC$4*AC47+AD$4*AD47+AE$4*AE47+AF$4*AF47+AG$4*AG47+AH$4*AH47+AI$4*AI47+AJ$4*AJ47+AK$4*AK47+AL$4*AL47 -> 21
A48: Dallas | B48: 190 | K48: 2 | L48: 2 | M48: 1 | S48: 1 | T48: 1 | W48: 1 | X48: 2 | Z48: 1 | AC48: 2 | AD48: 1 | AI48: 2 | AM48: =C$4*C48+D$4*D48+E$4*E48+F$4*F48+G$4*G48+H$4*H48+I$4*I48+J$4*J48+K$4*K48+L$4*L48+M$4*M48+N$4*N48+O$4*O48+P$4*P48+Q$4*Q48+R$4*R48+S$4*S48+T$4*T48+U$4*U48+V$4*V48+W$4*W48+X$4*X48+Y$4*Y48+Z$4*Z48+AA$4*AA48+AB$4*AB48+AC$4*AC48+AD$4*AD48+AE$4*AE48+AF$4*AF48+AG$4*AG48+AH$4*AH48+AI$4*AI48+AJ$4*AJ48+AK$4*AK48+AL$4*AL48 -> 16
A49: LHY | B49: 196 | D49: 0.2 | I49: 3 | O49: 1 | P49: 1.5 | R49: 1 | S49: 1 | U49: 3 | Y49: 2 | AA49: 1 | AD49: 2 | AE49: 1 | AH49: 2 | AJ49: 2 | AK49: 1 | AM49: =C$4*C49+D$4*D49+E$4*E49+F$4*F49+G$4*G49+H$4*H49+I$4*I49+J$4*J49+K$4*K49+L$4*L49+M$4*M49+N$4*N49+O$4*O49+P$4*P49+Q$4*Q49+R$4*R49+S$4*S49+T$4*T49+U$4*U49+V$4*V49+W$4*W49+X$4*X49+Y$4*Y49+Z$4*Z49+AA$4*AA49+AB$4*AB49+AC$4*AC49+AD$4*AD49+AE$4*AE49+AF$4*AF49+AG$4*AG49+AH$4*AH49+AI$4*AI49+AJ$4*AJ49+AK$4*AK49+AL$4*AL49 -> 22.5
A50: HLW | B50: 197 | C50: 0.2 | I50: 2 | K50: 4 | O50: 1.5 | P50: 2 | Q50: 2 | U50: 2 | V50: 2 | Z50: 2 | AB50: 2 | AF50: 2 | AI50: 2 | AL50: 1 | AM50: =C$4*C50+D$4*D50+E$4*E50+F$4*F50+G$4*G50+H$4*H50+I$4*I50+J$4*J50+K$4*K50+L$4*L50+M$4*M50+N$4*N50+O$4*O50+P$4*P50+Q$4*Q50+R$4*R50+S$4*S50+T$4*T50+U$4*U50+V$4*V50+W$4*W50+X$4*X50+Y$4*Y50+Z$4*Z50+AA$4*AA50+AB$4*AB50+AC$4*AC50+AD$4*AD50+AE$4*AE50+AF$4*AF50+AG$4*AG50+AH$4*AH50+AI$4*AI50+AJ$4*AJ50+AK$4*AK50+AL$4*AL50 -> 25.5
A51: YLS | B51: 198 | E51: 0.2 | J51: 2 | N51: 2 | O51: 1 | P51: 3 | Q51: 2 | U51: 1 | V51: 2 | W51: 1 | AB51: 1 | AC51: 2 | AF51: 2 | AG51: 2 | AI51: 2 | AL51: 1 | AM51: =C$4*C51+D$4*D51+E$4*E51+F$4*F51+G$4*G51+H$4*H51+I$4*I51+J$4*J51+K$4*K51+L$4*L51+M$4*M51+N$4*N51+O$4*O51+P$4*P51+Q$4*Q51+R$4*R51+S$4*S51+T$4*T51+U$4*U51+V$4*V51+W$4*W51+X$4*X51+Y$4*Y51+Z$4*Z51+AA$4*AA51+AB$4*AB51+AC$4*AC51+AD$4*AD51+AE$4*AE51+AF$4*AF51+AG$4*AG51+AH$4*AH51+AI$4*AI51+AJ$4*AJ51+AK$4*AK51+AL$4*AL51 -> 25
A52: WKY | B52: 201 | D52: 0.2 | J52: 1 | P52: 3.5 | V52: 2 | W52: 2 | AC52: 2 | AH52: 2 | AI52: 2 | AM52: =C$4*C52+D$4*D52+E$4*E52+F$4*F52+G$4*G52+H$4*H52+I$4*I52+J$4*J52+K$4*K52+L$4*L52+M$4*M52+N$4*N52+O$4*O52+P$4*P52+Q$4*Q52+R$4*R52+S$4*S52+T$4*T52+U$4*U52+V$4*V52+W$4*W52+X$4*X52+Y$4*Y52+Z$4*Z52+AA$4*AA52+AB$4*AB52+AC$4*AC52+AD$4*AD52+AE$4*AE52+AF$4*AF52+AG$4*AG52+AH$4*AH52+AI$4*AI52+AJ$4*AJ52+AK$4*AK52+AL$4*AL52 -> 15.5
A53: WSY | B53: 202 | G53: 0.2 | I53: 2 | M53: 2 | N53: 1 | O53: 1 | S53: 2 | T53: 2 | V53: 1 | Y53: 2 | Z53: 2 | AB53: 1 | AC53: 1 | AE53: 3 | AG53: 1 | AI53: 1 | AK53: 2 | AM53: =C$4*C53+D$4*D53+E$4*E53+F$4*F53+G$4*G53+H$4*H53+I$4*I53+J$4*J53+K$4*K53+L$4*L53+M$4*M53+N$4*N53+O$4*O53+P$4*P53+Q$4*Q53+R$4*R53+S$4*S53+T$4*T53+U$4*U53+V$4*V53+W$4*W53+X$4*X53+Y$4*Y53+Z$4*Z53+AA$4*AA53+AB$4*AB53+AC$4*AC53+AD$4*AD53+AE$4*AE53+AF$4*AF53+AG$4*AG53+AH$4*AH53+AI$4*AI53+AJ$4*AJ53+AK$4*AK53+AL$4*AL53 -> 25
A54: CCH | B54: 203 | E54: 0.2 | I54: 2 | J54: 2 | K54: 1 | O54: 2 | P54: 3 | Q54: 2 | U54: 1 | V54: 3 | Z54: 2 | AA54: 1 | AF54: 2 | AI54: 2 | AL54: 1 | AM54: =C$4*C54+D$4*D54+E$4*E54+F$4*F54+G$4*G54+H$4*H54+I$4*I54+J$4*J54+K$4*K54+L$4*L54+M$4*M54+N$4*N54+O$4*O54+P$4*P54+Q$4*Q54+R$4*R54+S$4*S54+T$4*T54+U$4*U54+V$4*V54+W$4*W54+X$4*X54+Y$4*Y54+Z$4*Z54+AA$4*AA54+AB$4*AB54+AC$4*AC54+AD$4*AD54+AE$4*AE54+AF$4*AF54+AG$4*AG54+AH$4*AH54+AI$4*AI54+AJ$4*AJ54+AK$4*AK54+AL$4*AL54 -> 25
A55: WWM | B55: 204 | C55: 0.2 | L55: 2 | N55: 3 | O55: 3.5 | T55: 1 | U55: 2 | X55: 2 | Z55: 2 | AA55: 1 | AD55: 2 | AE55: 0.5 | AG55: 2 | AK55: 0.5 | AL55: 2 | AM55: =C$4*C55+D$4*D55+E$4*E55+F$4*F55+G$4*G55+H$4*H55+I$4*I55+J$4*J55+K$4*K55+L$4*L55+M$4*M55+N$4*N55+O$4*O55+P$4*P55+Q$4*Q55+R$4*R55+S$4*S55+T$4*T55+U$4*U55+V$4*V55+W$4*W55+X$4*X55+Y$4*Y55+Z$4*Z55+AA$4*AA55+AB$4*AB55+AC$4*AC55+AD$4*AD55+AE$4*AE55+AF$4*AF55+AG$4*AG55+AH$4*AH55+AI$4*AI55+AJ$4*AJ55+AK$4*AK55+AL$4*AL55 -> 24.5
A56: CSC | B56: 205 | K56: 0.5 | L56: 1 | M56: 1 | Q56: 1 | R56: 2 | S56: 1 | U56: 1 | AC56: 0.5 | AE56: 2 | AG56: 1 | AI56: 0.5 | AJ56: 2 | AK56: 1 | AM56: =C$4*C56+D$4*D56+E$4*E56+F$4*F56+G$4*G56+H$4*H56+I$4*I56+J$4*J56+K$4*K56+L$4*L56+M$4*M56+N$4*N56+O$4*O56+P$4*P56+Q$4*Q56+R$4*R56+S$4*S56+T$4*T56+U$4*U56+V$4*V56+W$4*W56+X$4*X56+Y$4*Y56+Z$4*Z56+AA$4*AA56+AB$4*AB56+AC$4*AC56+AD$4*AD56+AE$4*AE56+AF$4*AF56+AG$4*AG56+AH$4*AH56+AI$4*AI56+AJ$4*AJ56+AK$4*AK56+AL$4*AL56 -> 14.5
A57: TFC | B57: 206 | D57: 0.2 | I57: 2 | J57: 2 | M57: 3 | O57: 1 | P57: 1.5 | S57: 1 | U57: 1 | V57: 1 | Y57: 4 | AA57: 2 | AB57: 1 | AE57: 1 | AH57: 2 | AK57: 2 | AM57: =C$4*C57+D$4*D57+E$4*E57+F$4*F57+G$4*G57+H$4*H57+I$4*I57+J$4*J57+K$4*K57+L$4*L57+M$4*M57+N$4*N57+O$4*O57+P$4*P57+Q$4*Q57+R$4*R57+S$4*S57+T$4*T57+U$4*U57+V$4*V57+W$4*W57+X$4*X57+Y$4*Y57+Z$4*Z57+AA$4*AA57+AB$4*AB57+AC$4*AC57+AD$4*AD57+AE$4*AE57+AF$4*AF57+AG$4*AG57+AH$4*AH57+AI$4*AI57+AJ$4*AJ57+AK$4*AK57+AL$4*AL57 -> 25.5
A58: CST | B58: 207 | H58: 0.2 | J58: 2 | M58: 2 | P58: 2 | S58: 1 | T58: 3 | V58: 4 | Y58: 2 | AB58: 2 | AF58: 2 | AG58: 1 | AK58: 1 | AL58: 2 | AM58: =C$4*C58+D$4*D58+E$4*E58+F$4*F58+G$4*G58+H$4*H58+I$4*I58+J$4*J58+K$4*K58+L$4*L58+M$4*M58+N$4*N58+O$4*O58+P$4*P58+Q$4*Q58+R$4*R58+S$4*S58+T$4*T58+U$4*U58+V$4*V58+W$4*W58+X$4*X58+Y$4*Y58+Z$4*Z58+AA$4*AA58+AB$4*AB58+AC$4*AC58+AD$4*AD58+AE$4*AE58+AF$4*AF58+AG$4*AG58+AH$4*AH58+AI$4*AI58+AJ$4*AJ58+AK$4*AK58+AL$4*AL58 -> 25
A59: CHL | B59: 208 | D59: 0.2 | I59: 4 | N59: 2 | P59: 1.5 | S59: 2 | U59: 2 | Y59: 2 | AB59: 2 | AE59: 2 | AG59: 2 | AH59: 2 | AM59: =C$4*C59+D$4*D59+E$4*E59+F$4*F59+G$4*G59+H$4*H59+I$4*I59+J$4*J59+K$4*K59+L$4*L59+M$4*M59+N$4*N59+O$4*O59+P$4*P59+Q$4*Q59+R$4*R59+S$4*S59+T$4*T59+U$4*U59+V$4*V59+W$4*W59+X$4*X59+Y$4*Y59+Z$4*Z59+AA$4*AA59+AB$4*AB59+AC$4*AC59+AD$4*AD59+AE$4*AE59+AF$4*AF59+AG$4*AG59+AH$4*AH59+AI$4*AI59+AJ$4*AJ59+AK$4*AK59+AL$4*AL59 -> 22.5
A60: LCK | B60: 209 | H60: 0.2 | J60: 1 | N60: 1 | P60: 2 | T60: 3.5 | W60: 1 | Z60: 2 | AB60: 2 | AC60: 0.5 | AH60: 2 | AI60: 0.5 | AM60: =C$4*C60+D$4*D60+E$4*E60+F$4*F60+G$4*G60+H$4*H60+I$4*I60+J$4*J60+K$4*K60+L$4*L60+M$4*M60+N$4*N60+O$4*O60+P$4*P60+Q$4*Q60+R$4*R60+S$4*S60+T$4*T60+U$4*U60+V$4*V60+W$4*W60+X$4*X60+Y$4*Y60+Z$4*Z60+AA$4*AA60+AB$4*AB60+AC$4*AC60+AD$4*AD60+AE$4*AE60+AF$4*AF60+AG$4*AG60+AH$4*AH60+AI$4*AI60+AJ$4*AJ60+AK$4*AK60+AL$4*AL60 -> 16.5
A61: CYC | B61: 210 | E61: 0.2 | I61: 2 | K61: 1.5 | O61: 1 | P61: 1 | Q61: 3 | U61: 3 | W61: 2 | AA61: 1 | AB61: 2 | AC61: 2 | AG61: 1 | AH61: 3 | AI61: 0.5 | AM61: =C$4*C61+D$4*D61+E$4*E61+F$4*F61+G$4*G61+H$4*H61+I$4*I61+J$4*J61+K$4*K61+L$4*L61+M$4*M61+N$4*N61+O$4*O61+P$4*P61+Q$4*Q61+R$4*R61+S$4*S61+T$4*T61+U$4*U61+V$4*V61+W$4*W61+X$4*X61+Y$4*Y61+Z$4*Z61+AA$4*AA61+AB$4*AB61+AC$4*AC61+AD$4*AD61+AE$4*AE61+AF$4*AF61+AG$4*AG61+AH$4*AH61+AI$4*AI61+AJ$4*AJ61+AK$4*AK61+AL$4*AL61 -> 24
A62: CPK | B62: 211 | C62: 0.2 | I62: 2 | L62: 2 | M62: 1 | O62: 2.5 | Q62: 2 | R62: 2 | U62: 1 | W62: 2 | X62: 2 | Y62: 2 | AA62: 2 | AC62: 1 | AE62: 1 | AI62: 1 | AK62: 1 | AM62: =C$4*C62+D$4*D62+E$4*E62+F$4*F62+G$4*G62+H$4*H62+I$4*I62+J$4*J62+K$4*K62+L$4*L62+M$4*M62+N$4*N62+O$4*O62+P$4*P62+Q$4*Q62+R$4*R62+S$4*S62+T$4*T62+U$4*U62+V$4*V62+W$4*W62+X$4*X62+Y$4*Y62+Z$4*Z62+AA$4*AA62+AB$4*AB62+AC$4*AC62+AD$4*AD62+AE$4*AE62+AF$4*AF62+AG$4*AG62+AH$4*AH62+AI$4*AI62+AJ$4*AJ62+AK$4*AK62+AL$4*AL62 -> 25.5
A63: LZJ | B63: 213 | K63: 1 | P63: 2 | V63: 2 | W63: 2 | AC63: 2 | AH63: 2 | AI63: 2 | AM63: =C$4*C63+D$4*D63+E$4*E63+F$4*F63+G$4*G63+H$4*H63+I$4*I63+J$4*J63+K$4*K63+L$4*L63+M$4*M63+N$4*N63+O$4*O63+P$4*P63+Q$4*Q63+R$4*R63+S$4*S63+T$4*T63+U$4*U63+V$4*V63+W$4*W63+X$4*X63+Y$4*Y63+Z$4*Z63+AA$4*AA63+AB$4*AB63+AC$4*AC63+AD$4*AD63+AE$4*AE63+AF$4*AF63+AG$4*AG63+AH$4*AH63+AI$4*AI63+AJ$4*AJ63+AK$4*AK63+AL$4*AL63 -> 13
A64: CKH | B64: 214 | H64: 0.2 | L64: 2 | N64: 2 | O64: 2 | R64: 2 | T64: 2.5 | U64: 2 | X64: 2 | Z64: 1 | AA64: 2 | AF64: 2 | AG64: 2 | AJ64: 2 | AL64: 2 | AM64: =C$4*C64+D$4*D64+E$4*E64+F$4*F64+G$4*G64+H$4*H64+I$4*I64+J$4*J64+K$4*K64+L$4*L64+M$4*M64+N$4*N64+O$4*O64+P$4*P64+Q$4*Q64+R$4*R64+S$4*S64+T$4*T64+U$4*U64+V$4*V64+W$4*W64+X$4*X64+Y$4*Y64+Z$4*Z64+AA$4*AA64+AB$4*AB64+AC$4*AC64+AD$4*AD64+AE$4*AE64+AF$4*AF64+AG$4*AG64+AH$4*AH64+AI$4*AI64+AJ$4*AJ64+AK$4*AK64+AL$4*AL64 -> 26.5
A65: Waterlily | B65: 216 | F65: 0.2 | J65: 2 | L65: 2 | O65: 2 | R65: 2 | U65: 2 | V65: 2 | X65: 2 | AA65: 2 | AB65: 2 | AG65: 2 | AH65: 2 | AJ65: 2 | AM65: =C$4*C65+D$4*D65+E$4*E65+F$4*F65+G$4*G65+H$4*H65+I$4*I65+J$4*J65+K$4*K65+L$4*L65+M$4*M65+N$4*N65+O$4*O65+P$4*P65+Q$4*Q65+R$4*R65+S$4*S65+T$4*T65+U$4*U65+V$4*V65+W$4*W65+X$4*X65+Y$4*Y65+Z$4*Z65+AA$4*AA65+AB$4*AB65+AC$4*AC65+AD$4*AD65+AE$4*AE65+AF$4*AF65+AG$4*AG65+AH$4*AH65+AI$4*AI65+AJ$4*AJ65+AK$4*AK65+AL$4*AL65 -> 25
A66: YSM | B66: 217 | I66: 2 | J66: 2 | O66: 2 | X66: 2 | AA66: 2 | AD66: 2 | AG66: 1 | AM66: =C$4*C66+D$4*D66+E$4*E66+F$4*F66+G$4*G66+H$4*H66+I$4*I66+J$4*J66+K$4*K66+L$4*L66+M$4*M66+N$4*N66+O$4*O66+P$4*P66+Q$4*Q66+R$4*R66+S$4*S66+T$4*T66+U$4*U66+V$4*V66+W$4*W66+X$4*X66+Y$4*Y66+Z$4*Z66+AA$4*AA66+AB$4*AB66+AC$4*AC66+AD$4*AD66+AE$4*AE66+AF$4*AF66+AG$4*AG66+AH$4*AH66+AI$4*AI66+AJ$4*AJ66+AK$4*AK66+AL$4*AL66 -> 13
A67: YKF | B67: 218 | E67: 0.2 | I67: 2 | K67: 1 | N67: 2 | O67: 1 | Q67: 2 | R67: 1 | S67: 1 | Y67: 2 | AD67: 2 | AE67: 1 | AF67: 2 | AG67: 1 | AI67: 2 | AJ67: 2 | AK67: 1 | AL67: 1 | AM67: =C$4*C67+D$4*D67+E$4*E67+F$4*F67+G$4*G67+H$4*H67+I$4*I67+J$4*J67+K$4*K67+L$4*L67+M$4*M67+N$4*N67+O$4*O67+P$4*P67+Q$4*Q67+R$4*R67+S$4*S67+T$4*T67+U$4*U67+V$4*V67+W$4*W67+X$4*X67+Y$4*Y67+Z$4*Z67+AA$4*AA67+AB$4*AB67+AC$4*AC67+AD$4*AD67+AE$4*AE67+AF$4*AF67+AG$4*AG67+AH$4*AH67+AI$4*AI67+AJ$4*AJ67+AK$4*AK67+AL$4*AL67 -> 25
B68: Total (Teachers) | C68: =SUM(C5:C67) -> 1.6 | D68: =SUM(D5:D67) -> 1.6 | E68: =SUM(E5:E67) -> 1.6 | F68: =SUM(F5:F67) -> 1.6 | G68: =SUM(G5:G67) -> 1.6 | H68: =SUM(H5:H67) -> 1.6 | AM68: =SUM(AM5:AM67) -> 1359.5

Sheet BY Class
P1: VERSION 11/2021 | R1: =#REF! -> #REF! | T1: 2020 FINAL
A2: Class | B2: Code | C2: Inv. Time | D2: S6 Teaching Time (Approximate) | E2: Remark 1 (S6 Invigilation) | F2: SEN Invigilation | G2: OTHER DUTIES | H2: Discipline | J2: Chi/Eng/Pu Speaking | K2: NON-SPEAKING DUTY TO BE FULFILLED | L2: NON-SPEAKING DUTY | M2: TOTAL | N2: INVIL. TIME | O2: Carry From Pervious | P2: Deviation/Carry Forward | Q2: Teachers' Name | R2: Code | T2: English Panel | U2: E1 | V2: E2 | W2: E3 | X2: E4 | Y2: E5 | Z2: E6 | AE2: Putonghua Panel | AF2: P1 | AG2: P2 | AH2: P3
A3: Lee Yuen Yung | B3: 3 | C3: =SUMIF(#REF!,B3,#REF!) -> #REF! | F3: ='SEN invigilation'!AG11 -> 0 | H3: 4 | J3: 7 | K3: =IF(J3>$C$79*2/3,$C$79*1/3,$C$79-J3) -> #REF! | L3: =SUM(C3:I3) -> #REF! | M3: =C3+D3+F3+G3+H3+J3 -> #REF! | N3: =C3+E3+F3+G3+H3+J3 -> #REF! | O3: -1.0695774 | P3: =L3-K3+O3 -> #REF! | Q3: =A3 -> Lee Yuen Yung | R3: =B3 -> 3 | T3: 76 | Z3: 1.5 | AB3: =SUM(U3:Z3) -> 1.5 | AE3: 90 | AI3: =SUM(AF3:AH3) -> 0
A4: Lam Mei Tak | B4: 4 | C4: =SUMIF(#REF!,B4,#REF!) -> #REF! | D4: 6.7 | F4: ='SEN invigilation'!AG12 -> 0 | K4: =IF(J4>$C$79*2/3,$C$79*1/3,$C$79-J4) -> #REF! | L4: =SUM(C4:I4) -> #REF! | M4: =C4+D4+F4+G4+H4+J4 -> #REF! | N4: =C4+E4+F4+G4+H4+J4 -> #REF! | O4: 2.7003973 | P4: =L4-K4+O4 -> #REF! | Q4: =A4 -> Lam Mei Tak | R4: =B4 -> 4 | T4: 3 | Z4: 1.5 | AB4: =SUM(U4:Z4) -> 1.5 | AE4: 78 | AI4: =SUM(AF4:AH4) -> 0
A5: Lam Wai Hung | B5: 5 | C5: =SUMIF(#REF!,B5,#REF!) -> #REF! | D5: 14.7 | F5: ='SEN invigilation'!AG13 -> 0 | K5: =IF(J5>$C$79*2/3,$C$79*1/3,$C$79-J5) -> #REF! | L5: =SUM(C5:I5) -> #REF! | M5: =C5+D5+F5+G5+H5+J5 -> #REF! | N5: =C5+E5+F5+G5+H5+J5 -> #REF! | O5: -1.0837038 | P5: =L5-K5+O5 -> #REF! | Q5: =A5 -> Lam Wai Hung | R5: =B5 -> 5 | T5: 22 | Z5: 1.5 | AB5: =SUM(U5:Z5) -> 1.5 | AI5: =SUM(AF5:AH5) -> 0
A6: Wong Wei Yin | B6: 22 | C6: =SUMIF(#REF!,B6,#REF!) -> #REF! | D6: 9.3 | F6: ='SEN invigilation'!AG14 -> 0 | J6: 7 | K6: =IF(J6>$C$79*2/3,$C$79*1/3,$C$79-J6) -> #REF! | L6: =SUM(C6:I6) -> #REF! | M6: =C6+D6+F6+G6+H6+J6 -> #REF! | N6: =C6+E6+F6+G6+H6+J6 -> #REF! | O6: 5.4662962 | P6: =L6-K6+O6 -> #REF! | Q6: =A6 -> Wong Wei Yin | R6: =B6 -> 22 | T6: 39 | Z6: 1.5 | AB6: =SUM(U6:Z6) -> 1.5 | AE6: 181 | AI6: =SUM(AF6:AH6) -> 0
A7: Law Chak Sang | B7: 25 | C7: =SUMIF(#REF!,B7,#REF!) -> #REF! | F7: ='SEN invigilation'!AG15 -> 13.9 | K7: =IF(J7>$C$79*2/3,$C$79*1/3,$C$79-J7) -> #REF! | L7: =SUM(C7:I7) -> #REF! | M7: =C7+D7+F7+G7+H7+J7 -> #REF! | N7: =C7+E7+F7+G7+H7+J7 -> #REF! | O7: -0.22052922 | P7: =L7-K7+O7 -> #REF! | Q7: =A7 -> Law Chak Sang | R7: =B7 -> 25 | T7: 67 | Z7: 1.5 | AB7: =SUM(U7:Z7) -> 1.5
A8: Leung Pui Kuen | B8: 32 | C8: =SUMIF(#REF!,B8,#REF!) -> #REF! | D8: 6.7 | F8: ='SEN invigilation'!AG16 -> 0 | K8: =IF(J8>$C$79*2/3,$C$79*1/3,$C$79-J8) -> #REF! | L8: =SUM(C8:I8) -> #REF! | M8: =C8+D8+F8+G8+H8+J8 -> #REF! | N8: =C8+E8+F8+G8+H8+J8 -> #REF! | O8: 0 | P8: =L8-K8+O8 -> #REF! | Q8: =A8 -> Leung Pui Kuen | R8: =B8 -> 32 | T8: 85 | Z8: 1.5 | AB8: =SUM(U8:Z8) -> 1.5 | AE8: 185 | AI8: =SUM(AF8:AH8) -> 0
A9: Wong Lik Ping | B9: 37 | C9: =SUMIF(#REF!,B9,#REF!) -> #REF! | D9: 13.3 | F9: ='SEN invigilation'!AG17 -> 0 | K9: =IF(J9>$C$79*2/3,$C$79*1/3,$C$79-J9) -> #REF! | L9: =SUM(C9:I9) -> #REF! | M9: =C9+D9+F9+G9+H9+J9 -> #REF! | N9: =C9+E9+F9+G9+H9+J9 -> #REF! | O9: 1.6064579 | P9: =L9-K9+O9 -> #REF! | Q9: =A9 -> Wong Lik Ping | R9: =B9 -> 37 | T9: 128 | Z9: 1.5 | AB9: =SUM(U9:Z9) -> 1.5 | AE9: 186 | AI9: =SUM(AF9:AH9) -> 0
A10: Chow Mung Lan | B10: 39 | C10: =SUMIF(#REF!,B10,#REF!) -> #REF! | D10: 9.3 | F10: ='SEN invigilation'!AG18 -> 0 | H10: 4 | J10: 7 | K10: =IF(J10>$C$79*2/3,$C$79*1/3,$C$79-J10) -> #REF! | L10: =SUM(C10:I10) -> #REF! | M10: =C10+D10+F10+G10+H10+J10 -> #REF! | N10: =C10+E10+F10+G10+H10+J10 -> #REF! | O10: 0 | P10: =L10-K10+O10 -> #REF! | Q10: =A10 -> Chow Mung Lan | R10: =B10 -> 39 | T10: 135 | Z10: 1.5 | AB10: =SUM(U10:Z10) -> 1.5 | AE10: TAP | AI10: =SUM(AF10:AH10) -> 0
A11: Tsang Chiu Hap | B11: 49 | C11: =SUMIF(#REF!,B11,#REF!) -> #REF! | F11: ='SEN invigilation'!AG19 -> 3.3666667 | K11: =IF(J11>$C$79*2/3,$C$79*1/3,$C$79-J11) -> #REF! | L11: =SUM(C11:I11) -> #REF! | M11: =C11+D11+F11+G11+H11+J11 -> #REF! | N11: =C11+E11+F11+G11+H11+J11 -> #REF! | O11: -6.6631975 | P11: =L11-K11+O11 -> #REF! | Q11: =A11 -> Tsang Chiu Hap | R11: =B11 -> 49 | T11: 147 | Z11: 1.5 | AB11: =SUM(U11:Z11) -> 1.5 | AL11: Har Boon Lap | AM11: =Z11 -> 1.5
A12: Leung Tsz Ngan | B12: 67 | C12: =SUMIF(#REF!,B12,#REF!) -> #REF! | F12: ='SEN invigilation'!AG20 -> 0 | J12: 7 | K12: =IF(J12>$C$79*4/5,$C$79*1/5,$C$79-J12) -> #REF! | L12: =SUM(C12:I12) -> #REF! | M12: =C12+D12+F12+G12+H12+J12 -> #REF! | N12: =C12+E12+F12+G12+H12+J12 -> #REF! | O12: 1.4967303 | P12: =L12-K12+O12 -> #REF! | Q12: =A12 -> Leung Tsz Ngan | R12: =B12 -> 67 | T12: 190 | Z12: 1.5 | AB12: =SUM(U12:Z12) -> 1.5 | AL12: Wong Wing Shan | AM12: =Z12 -> 1.5
A13: Lai Po Ching | B13: 72 | C13: =SUMIF(#REF!,B13,#REF!) -> #REF! | D13: 6.7 | F13: ='SEN invigilation'!AG21 -> 3.2 | J13: 3 | K13: =IF(J13>$C$79*2/3,$C$79*1/3,$C$79-J13) -> #REF! | L13: =SUM(C13:I13) -> #REF! | M13: =C13+D13+F13+G13+H13+J13 -> #REF! | N13: =C13+E13+F13+G13+H13+J13 -> #REF! | O13: 1.0983825 | P13: =L13-K13+O13 -> #REF! | Q13: =A13 -> Lai Po Ching | R13: =B13 -> 72 | T13: 199 | Z13: 1.5 | AB13: =SUM(U13:Z13) -> 1.5 | AL13: Tsang Chiu Hap | AM13: =Z13 -> 1.5
A14: Lai Hung Kit | B14: 73 | C14: =SUMIF(#REF!,B14,#REF!) -> #REF! | D14: =6.7+5.3 -> 12 | F14: ='SEN invigilation'!AG22 -> 0 | K14: =IF(J14>$C$79*2/3,$C$79*1/3,$C$79-J14) -> #REF! | L14: =SUM(C14:I14) -> #REF! | M14: =C14+D14+F14+G14+H14+J14 -> #REF! | N14: =C14+E14+F14+G14+H14+J14 -> #REF! | O14: -1.7500818 | P14: =L14-K14+O14 -> #REF! | Q14: =A14 -> Lai Hung Kit | R14: =B14 -> 73 | AL14: Cheung Kit Shan | AM14: =Z14 -> 0
A15: Lon Kai Chiu | B15: 78 | C15: =SUMIF(#REF!,B15,#REF!) -> #REF! | F15: ='SEN invigilation'!AG23 -> 0 | K15: =IF(J15>$C$79*2/3,$C$79*1/3,$C$79-J15) -> #REF! | L15: =SUM(C15:I15) -> #REF! | M15: =C15+D15+F15+G15+H15+J15 -> #REF! | N15: =C15+E15+F15+G15+H15+J15 -> #REF! | O15: 0.55447078 | P15: =L15-K15+O15 -> #REF! | Q15: =A15 -> Lon Kai Chiu | R15: =B15 -> 78 | AL15: Ho Nga Yan | AM15: =Z15 -> 0
A16: Keung Ka Wing | B16: 84 | C16: =SUMIF(#REF!,B16,#REF!) -> #REF! | D16: 6.7 | F16: ='SEN invigilation'!AG24 -> 0 | K16: =IF(J16>$C$79*2/3,$C$79*1/3,$C$79-J16) -> #REF! | L16: =SUM(C16:I16) -> #REF! | M16: =C16+D16+F16+G16+H16+J16 -> #REF! | N16: =C16+E16+F16+G16+H16+J16 -> #REF! | O16: -7.11418 | P16: =L16-K16+O16 -> #REF! | Q16: =A16 -> Keung Ka Wing | R16: =B16 -> 84 | AL16: Cheng Hoi Bun | AM16: =Z16 -> 0
A17: Annabella Tse | B17: 85 | C17: =SUMIF(#REF!,B17,#REF!) -> #REF! | F17: ='SEN invigilation'!AG25 -> 10.65 | J17: 3 | K17: =IF(J17>$C$79*2/3,$C$79*1/3,$C$79-J17) -> #REF! | L17: =SUM(C17:I17) -> #REF! | M17: =C17+D17+F17+G17+H17+J17 -> #REF! | N17: =C17+E17+F17+G17+H17+J17 -> #REF! | O17: -4.0178871 | P17: =L17-K17+O17 -> #REF! | Q17: =A17 -> Annabella Tse | R17: =B17 -> 85 | AL17: Lon Kai Chiu | AM17: =Z17 -> 0
A18: Ko Siu Ching | B18: 86 | C18: =SUMIF(#REF!,B18,#REF!) -> #REF! | F18: ='SEN invigilation'!AG26 -> 0 | J18: 3 | K18: =IF(J18>$C$79*2/3,$C$79*1/3,$C$79-J18) -> #REF! | L18: =SUM(C18:I18) -> #REF! | M18: =C18+D18+F18+G18+H18+J18 -> #REF! | N18: =C18+E18+F18+G18+H18+J18 -> #REF! | O18: 0 | P18: =L18-K18+O18 -> #REF! | Q18: =A18 -> Ko Siu Ching | R18: =B18 -> 86 | AL18: Yu Wang Chi | AM18: =Z18 -> 0
A19: Li Kit Ling | B19: 90 | C19: =SUMIF(#REF!,B19,#REF!) -> #REF! | F19: ='SEN invigilation'!AG27 -> 0 | J19: 6 | K19: =IF(J19>$C$79*2/3,$C$79*1/3,$C$79-J19) -> #REF! | L19: =SUM(C19:I19) -> #REF! | M19: =C19+D19+F19+G19+H19+J19 -> #REF! | N19: =C19+E19+F19+G19+H19+J19 -> #REF! | O19: 5.9496295 | P19: =L19-K19+O19 -> #REF! | Q19: =A19 -> Li Kit Ling | R19: =B19 -> 90
A20: Kung Lei Heung | B20: 91 | C20: =SUMIF(#REF!,B20,#REF!) -> #REF! | D20: 13.3 | F20: ='SEN invigilation'!AG28 -> 0 | K20: =IF(J20>$C$79*4/5,$C$79*1/5,$C$79-J20) -> #REF! | L20: =SUM(C20:I20) -> #REF! | M20: =C20+D20+F20+G20+H20+J20 -> #REF! | N20: =C20+E20+F20+G20+H20+J20 -> #REF! | O20: 1.1550082 | P20: =L20-K20+O20 -> #REF! | Q20: =A20 -> Kung Lei Heung | R20: =B20 -> 91
A21: Cheung Kit Shan | B21: 92 | C21: =SUMIF(#REF!,B21,#REF!) -> #REF! | F21: ='SEN invigilation'!AG29 -> 3.2 | K21: =IF(J21>$C$79*2/3,$C$79*1/3,$C$79-J21) -> #REF! | L21: =SUM(C21:I21) -> #REF! | M21: =C21+D21+F21+G21+H21+J21 -> #REF! | N21: =C21+E21+F21+G21+H21+J21 -> #REF! | O21: -0.83370382 | P21: =L21-K21+O21 -> #REF! | Q21: =A21 -> Cheung Kit Shan | R21: =B21 -> 92 | T21: Duration | AB21: =SUM(AB3:AB20) -> 16.5 | AE21: Duration | AI21: =SUM(AI3:AI20) -> 0
A22: Chan Ka Man | B22: 102 | C22: =SUMIF(#REF!,B22,#REF!) -> #REF! | D22: 8 | F22: ='SEN invigilation'!AG30 -> 0 | J22: 3 | K22: =IF(J22>$C$79*2/3,$C$79*1/3,$C$79-J22) -> #REF! | L22: =SUM(C22:I22) -> #REF! | M22: =C22+D22+F22+G22+H22+J22 -> #REF! | N22: =C22+E22+F22+G22+H22+J22 -> #REF! | O22: 0.28805061 | P22: =L22-K22+O22 -> #REF! | Q22: =A22 -> Chan Ka Man | R22: =B22 -> 102
A23: Leung Kwok Fai | B23: 103 | C23: =SUMIF(#REF!,B23,#REF!) -> #REF! | D23: 6.7 | F23: ='SEN invigilation'!AG31 -> 0 | K23: =IF(J23>$C$79*2/3,$C$79*1/3,$C$79-J23) -> #REF! | L23: =SUM(C23:I23) -> #REF! | M23: =C23+D23+F23+G23+H23+J23 -> #REF! | N23: =C23+E23+F23+G23+H23+J23 -> #REF! | O23: 1.1878041 | P23: =L23-K23+O23 -> #REF! | Q23: =A23 -> Leung Kwok Fai | R23: =B23 -> 103
A24: Chan Ka Wah | B24: 112 | C24: =SUMIF(#REF!,B24,#REF!) -> #REF! | D24: 5.3 | F24: ='SEN invigilation'!AG32 -> 0 | H24: 4 | K24: =IF(J24>$C$79*2/3,$C$79*1/3,$C$79-J24) -> #REF! | L24: =SUM(C24:I24) -> #REF! | M24: =C24+D24+F24+G24+H24+J24 -> #REF! | N24: =C24+E24+F24+G24+H24+J24 -> #REF! | O24: 0.91280411 | P24: =L24-K24+O24 -> #REF! | Q24: =A24 -> Chan Ka Wah | R24: =B24 -> 112 | T24: Chinese Panel | U24: C1 | V24: C2 | W24: C3
A25: Liu Wai Keung | B25: 113 | C25: =SUMIF(#REF!,B25,#REF!) -> #REF! | D25: =6.7+2.6 -> 9.3 | F25: ='SEN invigilation'!AG33 -> 0 | K25: =IF(J25>$C$79*2/3,$C$79*1/3,$C$79-J25) -> #REF! | L25: =SUM(C25:I25) -> #REF! | M25: =C25+D25+F25+G25+H25+J25 -> #REF! | N25: =C25+E25+F25+G25+H25+J25 -> #REF! | O25: 2.2794674 | P25: =L25-K25+O25 -> #REF! | Q25: =A25 -> Liu Wai Keung | R25: =B25 -> 113 | T25: 23 | W25: 1.5 | AA25: =SUM(U25:Z25) -> 1.5
A26: Chan Yat Ping | B26: 114 | C26: =SUMIF(#REF!,B26,#REF!) -> #REF! | D26: 6.7 | F26: ='SEN invigilation'!AG34 -> 2.25 | K26: =IF(J26>$C$79*2/3,$C$79*1/3,$C$79-J26) -> #REF! | L26: =SUM(C26:I26) -> #REF! | M26: =C26+D26+F26+G26+H26+J26 -> #REF! | N26: =C26+E26+F26+G26+H26+J26 -> #REF! | O26: -2.8848704 | P26: =L26-K26+O26 -> #REF! | Q26: =A26 -> Chan Yat Ping | R26: =B26 -> 114 | T26: 72 | W26: 1.5 | AA26: =SUM(U26:Z26) -> 1.5
A27: Kwok Kin Pong | B27: 118 | C27: =SUMIF(#REF!,B27,#REF!) -> #REF! | D27: 6.7 | F27: ='SEN invigilation'!AG35 -> 0 | K27: =IF(J27>$C$79*2/3,$C$79*1/3,$C$79-J27) -> #REF! | L27: =SUM(C27:I27) -> #REF! | M27: =C27+D27+F27+G27+H27+J27 -> #REF! | N27: =C27+E27+F27+G27+H27+J27 -> #REF! | O27: 19.587979 | P27: =L27-K27+O27 -> #REF! | Q27: =A27 -> Kwok Kin Pong | R27: =B27 -> 118 | T27: 86 | W27: 1.5 | AA27: =SUM(U27:Z27) -> 1.5
A28: Wong Yiu Cheong | B28: 120 | C28: =SUMIF(#REF!,B28,#REF!) -> #REF! | D28: 6.7 | F28: ='SEN invigilation'!AG36 -> 0 | H28: 4 | K28: =IF(J28>$C$79*2/3,$C$79*1/3,$C$79-J28) -> #REF! | L28: =SUM(C28:I28) -> #REF! | M28: =C28+D28+F28+G28+H28+J28 -> #REF! | N28: =C28+E28+F28+G28+H28+J28 -> #REF! | O28: 0 | P28: =L28-K28+O28 -> #REF! | Q28: =A28 -> Wong Yiu Cheong | R28: =B28 -> 120 | T28: 90 | W28: 1.5 | AA28: =SUM(U28:Z28) -> 1.5
A29: Leung Hoi Ying | B29: 128 | C29: =SUMIF(#REF!,B29,#REF!) -> #REF! | F29: ='SEN invigilation'!AG37 -> 0 | J29: 7 | K29: =IF(J29>$C$79*2/3,$C$79*1/3,$C$79-J29) -> #REF! | L29: =SUM(C29:I29) -> #REF! | M29: =C29+D29+F29+G29+H29+J29 -> #REF! | N29: =C29+E29+F29+G29+H29+J29 -> #REF! | O29: 13.139023 | P29: =L29-K29+O29 -> #REF! | Q29: =A29 -> Leung Hoi Ying | R29: =B29 -> 128 | T29: 102 | W29: 1.5 | AA29: =SUM(U29:Z29) -> 1.5
A30: Ho Nga Yan | B30: 129 | C30: =SUMIF(#REF!,B30,#REF!) -> #REF! | D30: 6.7 | F30: ='SEN invigilation'!AG38 -> 0 | K30: =IF(J30>$C$79*2/3,$C$79*1/3,$C$79-J30) -> #REF! | L30: =SUM(C30:I30) -> #REF! | M30: =C30+D30+F30+G30+H30+J30 -> #REF! | N30: =C30+E30+F30+G30+H30+J30 -> #REF! | O30: 0.32113744 | P30: =L30-K30+O30 -> #REF! | Q30: =A30 -> Ho Nga Yan | R30: =B30 -> 129 | T30: 122 | W30: 1.5 | AA30: =SUM(U30:Z30) -> 1.5
A31: Har Boon Lap | B31: 134 | C31: =SUMIF(#REF!,B31,#REF!) -> #REF! | D31: 8 | F31: ='SEN invigilation'!AG39 -> 0 | G31: 8 | K31: =IF(J31>$C$79*2/3,$C$79*1/3,$C$79-J31) -> #REF! | L31: =SUM(C31:I31) -> #REF! | M31: =C31+D31+F31+G31+H31+J31 -> #REF! | N31: =C31+E31+F31+G31+H31+J31 -> #REF! | O31: 0 | P31: =L31-K31+O31 -> #REF! | Q31: =A31 -> Har Boon Lap | R31: =B31 -> 134 | T31: 137 | W31: 1.5 | AA31: =SUM(U31:Z31) -> 1.5
A32: Wong Wing Shan | B32: 135 | C32: =SUMIF(#REF!,B32,#REF!) -> #REF! | D32: 9.3 | F32: ='SEN invigilation'!AG40 -> 0 | J32: 7 | K32: =IF(J32>$C$79*2/3,$C$79*1/3,$C$79-J32) -> #REF! | L32: =SUM(C32:I32) -> #REF! | M32: =C32+D32+F32+G32+H32+J32 -> #REF! | N32: =C32+E32+F32+G32+H32+J32 -> #REF! | O32: -4.5522465 | P32: =L32-K32+O32 -> #REF! | Q32: =A32 -> Wong Wing Shan | R32: =B32 -> 135 | T32: 138 | W32: 1.5 | AA32: =SUM(U32:Z32) -> 1.5
A33: Cheng Hoi Bun | B33: 137 | C33: =SUMIF(#REF!,B33,#REF!) -> #REF! | F33: ='SEN invigilation'!AG41 -> 0 | H33: 4 | J33: 3 | K33: =IF(J33>$C$79*2/3,$C$79*1/3,$C$79-J33) -> #REF! | L33: =SUM(C33:I33) -> #REF! | M33: =C33+D33+F33+G33+H33+J33 -> #REF! | N33: =C33+E33+F33+G33+H33+J33 -> #REF! | O33: 0 | P33: =L33-K33+O33 -> #REF! | Q33: =A33 -> Cheng Hoi Bun | R33: =B33 -> 137 | T33: 141 | W33: 1.5 | AA33: =SUM(U33:Z33) -> 1.5
A34: Li Wai Yiu | B34: 138 | C34: =SUMIF(#REF!,B34,#REF!) -> #REF! | D34: 13.3 | F34: ='SEN invigilation'!AG42 -> 0 | J34: 3 | K34: =IF(J34>$C$79*2/3,$C$79*1/3,$C$79-J34) -> #REF! | L34: =SUM(C34:I34) -> #REF! | M34: =C34+D34+F34+G34+H34+J34 -> #REF! | N34: =C34+E34+F34+G34+H34+J34 -> #REF! | O34: 1.0378041 | P34: =L34-K34+O34 -> #REF! | Q34: =A34 -> Li Wai Yiu | R34: =B34 -> 138 | T34: 152 | W34: 1.5 | AA34: =SUM(U34:Z34) -> 1.5
A35: Lam Chun Man | B35: 140 | C35: =SUMIF(#REF!,B35,#REF!) -> #REF! | F35: ='SEN invigilation'!AG43 -> 18.5 | K35: =IF(J35>$C$79*2/3,$C$79*1/3,$C$79-J35) -> #REF! | L35: =SUM(C35:I35) -> #REF! | M35: =C35+D35+F35+G35+H35+J35 -> #REF! | N35: =C35+E35+F35+G35+H35+J35 -> #REF! | O35: 7.7004426 | P35: =L35-K35+O35 -> #REF! | Q35: =A35 -> Lam Chun Man | R35: =B35 -> 140 | T35: 181 | W35: 1.5 | AA35: =SUM(U35:Z35) -> 1.5
A36: Leung So Yam | B36: 141 | C36: =SUMIF(#REF!,B36,#REF!) -> #REF! | D36: 8 | F36: ='SEN invigilation'!AG44 -> 0 | J36: 3 | K36: =IF(J36>$C$79*2/3,$C$79*1/3,$C$79-J36) -> #REF! | L36: =SUM(C36:I36) -> #REF! | M36: =C36+D36+F36+G36+H36+J36 -> #REF! | N36: =C36+E36+F36+G36+H36+J36 -> #REF! | O36: -3.7061412 | P36: =L36-K36+O36 -> #REF! | Q36: =A36 -> Leung So Yam | R36: =B36 -> 141 | T36: 200 | W36: 1.5 | AA36: =SUM(U36:Z36) -> 1.5
A37: Wong Kar Wing | B37: 147 | C37: =SUMIF(#REF!,B37,#REF!) -> #REF! | D37: 9.3 | F37: ='SEN invigilation'!AG45 -> 0 | J37: 6 | K37: =IF(J37>$C$79*2/3,$C$79*1/3,$C$79-J37) -> #REF! | L37: =SUM(C37:I37) -> #REF! | M37: =C37+D37+F37+G37+H37+J37 -> #REF! | N37: =C37+E37+F37+G37+H37+J37 -> #REF! | O37: 0.99332109 | P37: =L37-K37+O37 -> #REF! | Q37: =A37 -> Wong Kar Wing | R37: =B37 -> 147
A38: Chung Tsz Yuen | B38: 152 | C38: =SUMIF(#REF!,B38,#REF!) -> #REF! | F38: ='SEN invigilation'!AG46 -> 2 | H38: 4 | J38: 3 | K38: =IF(J38>$C$79*2/3,$C$79*1/3,$C$79-J38) -> #REF! | L38: =SUM(C38:I38) -> #REF! | M38: =C38+D38+F38+G38+H38+J38 -> #REF! | N38: =C38+E38+F38+G38+H38+J38 -> #REF! | O38: -1.3503705 | P38: =L38-K38+O38 -> #REF! | Q38: =A38 -> Chung Tsz Yuen | R38: =B38 -> 152 | AA38: =SUM(AA25:AA37) -> 18
A39: Chan Ka Yu | B39: 153 | C39: =SUMIF(#REF!,B39,#REF!) -> #REF! | D39: 6.7 | F39: ='SEN invigilation'!AG47 -> 0 | K39: =IF(J39>$C$79*2/3,$C$79*1/3,$C$79-J39) -> #REF! | L39: =SUM(C39:I39) -> #REF! | M39: =C39+D39+F39+G39+H39+J39 -> #REF! | N39: =C39+E39+F39+G39+H39+J39 -> #REF! | O39: 1.4319228 | P39: =L39-K39+O39 -> #REF! | Q39: =A39 -> Chan Ka Yu | R39: =B39 -> 153
A40: Ng Wai Yee | B40: 161 | C40: =SUMIF(#REF!,B40,#REF!) -> #REF! | D40: 6.7 | F40: ='SEN invigilation'!AG48 -> 0 | H40: 4 | K40: =IF(J40>$C$79*2/3,$C$79*1/3,$C$79-J40) -> #REF! | L40: =SUM(C40:I40) -> #REF! | M40: =C40+D40+F40+G40+H40+J40 -> #REF! | N40: =C40+E40+F40+G40+H40+J40 -> #REF! | O40: 0.33296284 | P40: =L40-K40+O40 -> #REF! | Q40: =A40 -> Ng Wai Yee | R40: =B40 -> 161 | T40: Discipline
A41: Ho Pui Yi | B41: 178 | C41: =SUMIF(#REF!,B41,#REF!) -> #REF! | D41: 6.7 | F41: ='SEN invigilation'!AG49 -> 0 | K41: =IF(J41>$C$79*2/3,$C$79*1/3,$C$79-J41) -> #REF! | L41: =SUM(C41:I41) -> #REF! | M41: =C41+D41+F41+G41+H41+J41 -> #REF! | N41: =C41+E41+F41+G41+H41+J41 -> #REF! | O41: -2.7654562 | P41: =L41-K41+O41 -> #REF! | Q41: =A41 -> Ho Pui Yi | R41: =B41 -> 178 | T41: 39 | U41: 3.5
A42: Deng Wenli, Lily | B42: 181 | C42: =SUMIF(#REF!,B42,#REF!) -> #REF! | F42: ='SEN invigilation'!AG50 -> 0 | J42: 6 | K42: =IF(J42>$C$79*2/3,$C$79*1/3,$C$79-J42) -> #REF! | L42: =SUM(C42:I42) -> #REF! | M42: =C42+D42+F42+G42+H42+J42 -> #REF! | N42: =C42+E42+F42+G42+H42+J42 -> #REF! | O42: 4.4009254 | P42: =L42-K42+O42 -> #REF! | Q42: =A42 -> Deng Wenli, Lily | R42: =B42 -> 181 | T42: 73 | U42: 3.5
